Price-1,Open-1,High-1,Low-1,Vol-1,Week-1,t-1,Price-2,Open-2,High-2,Low-2,Vol-2,Week-2,t-2,Last-Week-Price,Last-Week-Open,Last-Week-High,Last-Week-Low,Last-Week-Vol,Last-Week-day,Last-Week-t
4.66,4.65,4.7,4.65,0.02,2.0,11,4.61,4.7,4.7,4.7,0.05,1.0,11,4.93,4.93,4.93,4.93,0.0,3,11
4.57,4.73,4.73,4.73,1.2,3.0,11,4.66,4.65,4.7,4.65,0.02,2.0,11,4.71,4.83,4.83,4.75,0.01,4,11
4.5,4.5,4.5,4.5,0.02,4.0,11,4.57,4.73,4.73,4.73,1.2,3.0,11,4.69,5.69,5.69,5.69,0.15,5,11
4.52,4.52,4.52,4.52,0.001,5.0,11,4.5,4.5,4.5,4.5,0.02,4.0,11,4.61,4.7,4.7,4.7,0.05,1,11
4.62,4.55,4.55,4.55,0.01,1.0,11,4.52,4.52,4.52,4.52,0.001,5.0,11,4.66,4.65,4.7,4.65,0.02,2,11
4.81,4.79,4.84,4.79,0.05,2.0,11,4.62,4.55,4.55,4.55,0.01,1.0,11,4.57,4.73,4.73,4.73,1.2,3,11
4.8,4.9,4.9,4.8,0.03,3.0,11,4.81,4.79,4.84,4.79,0.05,2.0,11,4.5,4.5,4.5,4.5,0.02,4,11
5.05,4.94,5.1,4.94,3.02,4.0,11,4.8,4.9,4.9,4.8,0.03,3.0,11,4.52,4.52,4.52,4.52,0.001,5,11
5.05,5.05,5.11,5.05,7.03,5.0,11,5.05,4.94,5.1,4.94,3.02,4.0,11,4.62,4.55,4.55,4.55,0.01,1,11
4.91,5.96,5.96,5.96,4.0,1.0,11,5.05,5.05,5.11,5.05,7.03,5.0,11,4.81,4.79,4.84,4.79,0.05,2,11
5.02,4.84,4.94,4.84,5.05,2.0,11,4.91,5.96,5.96,5.96,4.0,1.0,11,4.8,4.9,4.9,4.8,0.03,3,11
5.11,5.05,5.06,5.05,6.84,3.0,11,5.02,4.84,4.94,4.84,5.05,2.0,11,5.05,4.94,5.1,4.94,3.02,4,11
5.01,5.04,5.12,4.98,0.03,4.0,11,5.11,5.05,5.06,5.05,6.84,3.0,11,5.05,5.05,5.11,5.05,7.03,5,11
5.24,5.0,5.0,4.95,0.01,5.0,11,5.01,5.04,5.12,4.98,0.03,4.0,11,4.91,5.96,5.96,5.96,4.0,1,11
5.35,5.4,5.4,5.4,2.3,1.0,11,5.24,5.0,5.0,4.95,0.01,5.0,11,5.02,4.84,4.94,4.84,5.05,2,11
5.5,6.7,6.7,6.7,0.5,2.0,11,5.35,5.4,5.4,5.4,2.3,1.0,11,5.11,5.05,5.06,5.05,6.84,3,11
5.48,6.71,6.71,6.71,1.67,3.0,11,5.5,6.7,6.7,6.7,0.5,2.0,11,5.01,5.04,5.12,4.98,0.03,4,11
5.69,6.96,6.96,6.96,5.74,4.0,11,5.48,6.71,6.71,6.71,1.67,3.0,11,5.24,5.0,5.0,4.95,0.01,5,11
5.5,5.54,5.54,5.54,0.91,5.0,11,5.69,6.96,6.96,6.96,5.74,4.0,11,5.35,5.4,5.4,5.4,2.3,1,11
5.82,6.75,6.75,6.75,0.68,1.0,10,5.5,5.54,5.54,5.54,0.91,5.0,11,5.5,6.7,6.7,6.7,0.5,2,11
5.8,5.85,5.85,5.85,0.01,2.0,10,5.82,6.75,6.75,6.75,0.68,1.0,10,5.48,6.71,6.71,6.71,1.67,3,11
6.06,7.17,7.37,7.17,0.6,3.0,10,5.8,5.85,5.85,5.85,0.01,2.0,10,5.69,6.96,6.96,6.96,5.74,4,11
6.43,6.03,6.03,6.03,0.001,4.0,10,6.06,7.17,7.37,7.17,0.6,3.0,10,5.5,5.54,5.54,5.54,0.91,5,11
6.41,6.4,6.4,6.4,0.03,5.0,10,6.43,6.03,6.03,6.03,0.001,4.0,10,5.82,6.75,6.75,6.75,0.68,1,10
6.4,6.4,6.4,6.31,0.05,1.0,10,6.41,6.4,6.4,6.4,0.03,5.0,10,5.8,5.85,5.85,5.85,0.01,2,10
6.24,6.33,6.33,6.32,0.03,2.0,10,6.4,6.4,6.4,6.31,0.05,1.0,10,6.06,7.17,7.37,7.17,0.6,3,10
6.34,6.42,6.43,6.37,0.48,3.0,10,6.24,6.33,6.33,6.32,0.03,2.0,10,6.43,6.03,6.03,6.03,0.001,4,10
6.37,6.26,6.26,6.23,0.21,4.0,10,6.34,6.42,6.43,6.37,0.48,3.0,10,6.41,6.4,6.4,6.4,0.03,5,10
6.57,6.33,6.55,6.33,0.4,5.0,10,6.37,6.26,6.26,6.23,0.21,4.0,10,6.4,6.4,6.4,6.31,0.05,1,10
6.79,6.7,6.7,6.7,0.81,1.0,10,6.57,6.33,6.55,6.33,0.4,5.0,10,6.24,6.33,6.33,6.32,0.03,2,10
6.73,6.72,6.72,6.67,0.09,2.0,10,6.79,6.7,6.7,6.7,0.81,1.0,10,6.34,6.42,6.43,6.37,0.48,3,10
6.9,6.66,6.87,6.66,3.2,3.0,10,6.73,6.72,6.72,6.67,0.09,2.0,10,6.37,6.26,6.26,6.23,0.21,4,10
6.97,6.94,7.02,6.94,1.13,4.0,10,6.9,6.66,6.87,6.66,3.2,3.0,10,6.57,6.33,6.55,6.33,0.4,5,10
7.12,6.88,7.05,6.88,0.34,5.0,10,6.97,6.94,7.02,6.94,1.13,4.0,10,6.79,6.7,6.7,6.7,0.81,1,10
6.99,7.12,7.19,7.07,0.28,1.0,10,7.12,6.88,7.05,6.88,0.34,5.0,10,6.73,6.72,6.72,6.67,0.09,2,10
6.21,6.92,6.92,6.2,2.3,2.0,10,6.99,7.12,7.19,7.07,0.28,1.0,10,6.9,6.66,6.87,6.66,3.2,3,10
6.48,6.33,6.52,6.12,2.79,3.0,10,6.21,6.92,6.92,6.2,2.3,2.0,10,6.97,6.94,7.02,6.94,1.13,4,10
6.5,6.56,6.56,6.28,3.54,4.0,10,6.48,6.33,6.52,6.12,2.79,3.0,10,7.12,6.88,7.05,6.88,0.34,5,10
7.06,6.84,7.1,6.83,3.66,5.0,10,6.5,6.56,6.56,6.28,3.54,4.0,10,6.99,7.12,7.19,7.07,0.28,1,10
6.61,7.28,7.28,6.6,0.19,1.0,9,7.06,6.84,7.1,6.83,3.66,5.0,10,6.21,6.92,6.92,6.2,2.3,2,10
6.81,6.75,6.81,6.3,1.46,2.0,9,6.61,7.28,7.28,6.6,0.19,1.0,9,6.48,6.33,6.52,6.12,2.79,3,10
6.77,6.93,6.94,6.64,0.13,3.0,9,6.81,6.75,6.81,6.3,1.46,2.0,9,6.5,6.56,6.56,6.28,3.54,4,10
6.8,6.71,6.79,6.71,0.63,4.0,9,6.77,6.93,6.94,6.64,0.13,3.0,9,7.06,6.84,7.1,6.83,3.66,5,10
6.9,6.82,6.97,6.72,0.23,5.0,9,6.8,6.71,6.79,6.71,0.63,4.0,9,6.61,7.28,7.28,6.6,0.19,1,9
6.89,6.96,6.97,6.84,1.08,1.0,9,6.9,6.82,6.97,6.72,0.23,5.0,9,6.81,6.75,6.81,6.3,1.46,2,9
6.82,6.77,6.89,6.73,1.66,2.0,9,6.89,6.96,6.97,6.84,1.08,1.0,9,6.77,6.93,6.94,6.64,0.13,3,9
6.5,6.73,6.73,6.38,0.54,3.0,9,6.82,6.77,6.89,6.73,1.66,2.0,9,6.8,6.71,6.79,6.71,0.63,4,9
6.43,6.45,6.53,6.32,1.75,4.0,9,6.5,6.73,6.73,6.38,0.54,3.0,9,6.9,6.82,6.97,6.72,0.23,5,9
6.29,6.35,6.35,6.18,0.84,5.0,9,6.43,6.45,6.53,6.32,1.75,4.0,9,6.89,6.96,6.97,6.84,1.08,1,9
5.87,6.18,6.2,5.68,0.44,1.0,9,6.29,6.35,6.35,6.18,0.84,5.0,9,6.82,6.77,6.89,6.73,1.66,2,9
5.75,5.88,6.03,5.66,0.47,2.0,9,5.87,6.18,6.2,5.68,0.44,1.0,9,6.5,6.73,6.73,6.38,0.54,3,9
5.99,5.79,6.04,5.79,0.38,3.0,9,5.75,5.88,6.03,5.66,0.47,2.0,9,6.43,6.45,6.53,6.32,1.75,4,9
6.01,5.94,6.12,5.94,0.36,4.0,9,5.99,5.79,6.04,5.79,0.38,3.0,9,6.29,6.35,6.35,6.18,0.84,5,9
6.18,6.09,6.16,6.05,0.31,5.0,9,6.01,5.94,6.12,5.94,0.36,4.0,9,5.87,6.18,6.2,5.68,0.44,1,9
5.86,6.12,6.12,5.82,2.75,1.0,9,6.18,6.09,6.16,6.05,0.31,5.0,9,5.75,5.88,6.03,5.66,0.47,2,9
5.85,5.84,5.96,5.79,5.28,2.0,9,5.86,6.12,6.12,5.82,2.75,1.0,9,5.99,5.79,6.04,5.79,0.38,3,9
5.8,5.84,5.88,5.79,0.69,3.0,9,5.85,5.84,5.96,5.79,5.28,2.0,9,6.01,5.94,6.12,5.94,0.36,4,9
5.17,5.74,5.74,5.16,4.1,4.0,9,5.8,5.84,5.88,5.79,0.69,3.0,9,6.18,6.09,6.16,6.05,0.31,5,9
4.34,5.1,5.12,3.98,5.02,5.0,9,5.17,5.74,5.74,5.16,4.1,4.0,9,5.86,6.12,6.12,5.82,2.75,1,9
4.64,4.29,4.68,3.97,2.52,1.0,9,4.34,5.1,5.12,3.98,5.02,5.0,9,5.85,5.84,5.96,5.79,5.28,2,9
5.04,4.66,5.15,4.66,0.17,2.0,8,4.64,4.29,4.68,3.97,2.52,1.0,9,5.8,5.84,5.88,5.79,0.69,3,9
4.82,4.89,4.89,4.74,0.23,3.0,8,5.04,4.66,5.15,4.66,0.17,2.0,8,5.17,5.74,5.74,5.16,4.1,4,9
4.85,4.77,4.84,4.55,0.65,4.0,8,4.82,4.89,4.89,4.74,0.23,3.0,8,4.34,5.1,5.12,3.98,5.02,5,9
4.68,4.81,4.81,4.6,1.95,5.0,8,4.85,4.77,4.84,4.55,0.65,4.0,8,4.64,4.29,4.68,3.97,2.52,1,9
4.97,4.66,4.95,4.66,1.46,1.0,8,4.68,4.81,4.81,4.6,1.95,5.0,8,5.04,4.66,5.15,4.66,0.17,2,8
4.85,5.05,5.05,4.86,0.71,2.0,8,4.97,4.66,4.95,4.66,1.46,1.0,8,4.82,4.89,4.89,4.74,0.23,3,8
4.93,4.86,4.98,4.85,1.31,3.0,8,4.85,5.05,5.05,4.86,0.71,2.0,8,4.85,4.77,4.84,4.55,0.65,4,8
5.11,4.93,5.08,4.93,0.85,4.0,8,4.93,4.86,4.98,4.85,1.31,3.0,8,4.68,4.81,4.81,4.6,1.95,5,8
5.31,5.35,5.35,5.24,1.65,5.0,8,5.11,4.93,5.08,4.93,0.85,4.0,8,4.97,4.66,4.95,4.66,1.46,1,8
5.23,6.24,6.24,6.24,0.9,1.0,8,5.31,5.35,5.35,5.24,1.65,5.0,8,4.85,5.05,5.05,4.86,0.71,2,8
5.53,5.2,5.56,5.2,1.56,2.0,8,5.23,6.24,6.24,6.24,0.9,1.0,8,4.93,4.86,4.98,4.85,1.31,3,8
5.45,5.49,5.57,5.4,0.2,3.0,8,5.53,5.2,5.56,5.2,1.56,2.0,8,5.11,4.93,5.08,4.93,0.85,4,8
5.54,5.4,5.51,5.4,0.38,4.0,8,5.45,5.49,5.57,5.4,0.2,3.0,8,5.53,5.2,5.56,5.2,1.56,2,8
5.67,5.68,5.68,5.58,0.3,2.0,8,5.54,5.4,5.51,5.4,0.38,4.0,8,5.45,5.49,5.57,5.4,0.2,3,8
5.66,5.64,5.68,5.56,0.44,3.0,8,5.67,5.68,5.68,5.58,0.3,2.0,8,5.54,5.4,5.51,5.4,0.38,4,8
5.2,5.22,5.22,5.05,6.22,1.0,8,5.06,5.6,5.6,5.01,1.71,5.0,8,5.67,5.68,5.68,5.58,0.3,2,8
5.41,5.27,5.41,5.27,1.27,2.0,8,5.2,5.22,5.22,5.05,6.22,1.0,8,5.66,5.64,5.68,5.56,0.44,3,8
5.4,5.45,5.45,5.29,0.25,3.0,8,5.41,5.27,5.41,5.27,1.27,2.0,8,5.71,5.74,5.74,5.7,0.41,4,8
5.41,5.37,5.37,5.36,0.26,4.0,7,5.4,5.45,5.45,5.29,0.25,3.0,8,5.06,5.6,5.6,5.01,1.71,5,8
5.18,5.13,5.19,5.13,0.02,5.0,7,5.41,5.37,5.37,5.36,0.26,4.0,7,5.2,5.22,5.22,5.05,6.22,1,8
5.21,5.16,5.28,5.15,0.21,1.0,7,5.18,5.13,5.19,5.13,0.02,5.0,7,5.41,5.27,5.41,5.27,1.27,2,8
5.22,5.24,5.3,5.24,0.63,2.0,7,5.21,5.16,5.28,5.15,0.21,1.0,7,5.4,5.45,5.45,5.29,0.25,3,8
5.12,5.25,5.25,5.14,0.09,3.0,7,5.22,5.24,5.3,5.24,0.63,2.0,7,5.41,5.37,5.37,5.36,0.26,4,7
5.13,5.1,5.15,5.07,0.55,4.0,7,5.12,5.25,5.25,5.14,0.09,3.0,7,5.18,5.13,5.19,5.13,0.02,5,7
4.79,4.75,4.82,4.75,0.06,5.0,7,4.77,4.97,4.97,4.67,0.27,4.0,7,5.3,5.3,5.3,5.28,0.34,1,7
4.69,4.75,4.75,4.63,11.89,1.0,7,4.79,4.75,4.82,4.75,0.06,5.0,7,5.28,5.28,5.28,5.28,0.06,2,7
4.84,4.63,4.82,4.6,0.19,2.0,7,4.69,4.75,4.75,4.63,11.89,1.0,7,5.1,5.26,5.27,5.13,0.03,3,7
5.12,4.94,5.12,4.94,0.07,3.0,7,4.84,4.63,4.82,4.6,0.19,2.0,7,4.77,4.97,4.97,4.67,0.27,4,7
5.16,5.28,5.28,5.12,0.57,4.0,7,5.12,4.94,5.12,4.94,0.07,3.0,7,4.79,4.75,4.82,4.75,0.06,5,7
5.12,5.17,5.17,5.1,1.02,5.0,7,5.16,5.28,5.28,5.12,0.57,4.0,7,4.69,4.75,4.75,4.63,11.89,1,7
5.09,5.1,5.12,5.1,0.22,1.0,7,5.12,5.17,5.17,5.1,1.02,5.0,7,4.84,4.63,4.82,4.6,0.19,2,7
5.17,5.06,5.2,5.06,0.34,2.0,7,5.09,5.1,5.12,5.1,0.22,1.0,7,5.12,4.94,5.12,4.94,0.07,3,7
5.2,5.21,5.22,5.18,0.86,3.0,7,5.17,5.06,5.2,5.06,0.34,2.0,7,5.16,5.28,5.28,5.12,0.57,4,7
5.2,5.21,5.22,5.2,0.45,4.0,7,5.2,5.21,5.22,5.18,0.86,3.0,7,5.12,5.17,5.17,5.1,1.02,5,7
5.05,5.11,5.13,5.11,0.32,5.0,7,5.2,5.21,5.22,5.2,0.45,4.0,7,5.09,5.1,5.12,5.1,0.22,1,7
5.14,4.94,5.14,4.94,0.2,1.0,6,5.05,5.11,5.13,5.11,0.32,5.0,7,5.17,5.06,5.2,5.06,0.34,2,7
5.43,5.14,5.39,5.14,0.5,2.0,6,5.14,4.94,5.14,4.94,0.2,1.0,6,5.2,5.21,5.22,5.18,0.86,3,7
5.39,5.4,5.44,5.4,0.09,3.0,6,5.43,5.14,5.39,5.14,0.5,2.0,6,5.2,5.21,5.22,5.2,0.45,4,7
5.54,5.37,5.54,5.37,0.73,4.0,6,5.39,5.4,5.44,5.4,0.09,3.0,6,5.05,5.11,5.13,5.11,0.32,5,7
5.44,5.47,5.47,5.47,0.06,5.0,6,5.54,5.37,5.54,5.37,0.73,4.0,6,5.14,4.94,5.14,4.94,0.2,1,6
5.53,6.49,6.49,6.49,0.001,1.0,6,5.44,5.47,5.47,5.47,0.06,5.0,6,5.43,5.14,5.39,5.14,0.5,2,6
5.49,5.51,5.51,5.51,0.18,2.0,6,5.53,6.49,6.49,6.49,0.001,1.0,6,5.39,5.4,5.44,5.4,0.09,3,6
5.36,5.54,5.54,5.39,1.23,3.0,6,5.49,5.51,5.51,5.51,0.18,2.0,6,5.54,5.37,5.54,5.37,0.73,4,6
5.55,5.45,5.52,5.44,0.48,4.0,6,5.36,5.54,5.54,5.39,1.23,3.0,6,5.44,5.47,5.47,5.47,0.06,5,6
5.66,5.71,5.71,5.66,0.24,5.0,6,5.55,5.45,5.52,5.44,0.48,4.0,6,5.53,6.49,6.49,6.49,0.001,1,6
5.63,5.66,5.66,5.66,0.07,1.0,6,5.66,5.71,5.71,5.66,0.24,5.0,6,5.49,5.51,5.51,5.51,0.18,2,6
5.7,6.69,6.69,6.69,0.14,2.0,6,5.63,5.66,5.66,5.66,0.07,1.0,6,5.36,5.54,5.54,5.39,1.23,3,6
5.65,5.76,5.76,5.76,0.09,3.0,6,5.7,6.69,6.69,6.69,0.14,2.0,6,5.55,5.45,5.52,5.44,0.48,4,6
5.54,5.62,5.62,5.53,0.68,4.0,6,5.65,5.76,5.76,5.76,0.09,3.0,6,5.66,5.71,5.71,5.66,0.24,5,6
5.65,5.62,5.67,5.62,0.44,5.0,6,5.54,5.62,5.62,5.53,0.68,4.0,6,5.63,5.66,5.66,5.66,0.07,1,6
5.79,5.63,5.79,5.63,0.36,1.0,6,5.65,5.62,5.67,5.62,0.44,5.0,6,5.7,6.69,6.69,6.69,0.14,2,6
5.74,5.82,5.87,5.76,1.8,2.0,6,5.79,5.63,5.79,5.63,0.36,1.0,6,5.65,5.76,5.76,5.76,0.09,3,6
5.71,5.79,5.84,5.67,0.56,3.0,6,5.74,5.82,5.87,5.76,1.8,2.0,6,5.54,5.62,5.62,5.53,0.68,4,6
5.7,5.77,5.77,5.69,0.32,4.0,6,5.71,5.79,5.84,5.67,0.56,3.0,6,5.65,5.62,5.67,5.62,0.44,5,6
5.76,5.74,5.74,5.69,2.19,5.0,6,5.7,5.77,5.77,5.69,0.32,4.0,6,5.79,5.63,5.79,5.63,0.36,1,6
5.81,5.8,5.87,5.8,2.43,1.0,6,5.76,5.74,5.74,5.69,2.19,5.0,6,5.74,5.82,5.87,5.76,1.8,2,6
6.01,5.99,5.99,5.99,0.01,2.0,5,5.81,5.8,5.87,5.8,2.43,1.0,6,5.71,5.79,5.84,5.67,0.56,3,6
6.07,6.04,6.08,6.0,0.55,3.0,5,6.01,5.99,5.99,5.99,0.01,2.0,5,5.7,5.77,5.77,5.69,0.32,4,6
5.99,5.93,5.99,5.93,0.4,4.0,5,6.07,6.04,6.08,6.0,0.55,3.0,5,5.76,5.74,5.74,5.69,2.19,5,6
5.72,5.67,5.73,5.63,0.14,5.0,5,5.66,5.77,5.77,5.74,0.07,4.0,5,5.54,5.54,5.57,5.53,0.14,1,5
5.86,5.7,5.7,5.7,0.05,1.0,5,5.72,5.67,5.73,5.63,0.14,5.0,5,5.73,5.65,5.69,5.65,0.1,2,5
5.92,5.85,5.96,5.85,0.24,2.0,5,5.86,5.7,5.7,5.7,0.05,1.0,5,5.79,5.72,5.76,5.72,0.05,3,5
6.02,5.92,5.99,5.92,0.21,3.0,5,5.92,5.85,5.96,5.85,0.24,2.0,5,5.66,5.77,5.77,5.74,0.07,4,5
6.13,6.04,6.04,5.92,0.11,4.0,5,6.02,5.92,5.99,5.92,0.21,3.0,5,5.72,5.67,5.73,5.63,0.14,5,5
5.98,6.93,6.93,6.85,0.47,5.0,5,6.13,6.04,6.04,5.92,0.11,4.0,5,5.86,5.7,5.7,5.7,0.05,1,5
6.04,6.03,6.03,6.03,1.0,1.0,5,5.98,6.93,6.93,6.85,0.47,5.0,5,5.92,5.85,5.96,5.85,0.24,2,5
6.15,6.05,6.16,6.05,0.35,2.0,5,6.04,6.03,6.03,6.03,1.0,1.0,5,6.02,5.92,5.99,5.92,0.21,3,5
6.15,6.17,6.17,6.14,0.23,3.0,5,6.15,6.05,6.16,6.05,0.35,2.0,5,6.13,6.04,6.04,5.92,0.11,4,5
6.03,6.1,6.1,6.02,0.12,4.0,5,6.15,6.17,6.17,6.14,0.23,3.0,5,5.98,6.93,6.93,6.85,0.47,5,5
6.11,6.98,6.98,6.98,0.25,5.0,5,6.03,6.1,6.1,6.02,0.12,4.0,5,6.04,6.03,6.03,6.03,1.0,1,5
6.17,6.07,6.22,6.06,0.71,1.0,5,6.11,6.98,6.98,6.98,0.25,5.0,5,6.15,6.05,6.16,6.05,0.35,2,5
6.02,6.13,6.15,6.1,1.3,2.0,5,6.17,6.07,6.22,6.06,0.71,1.0,5,6.15,6.17,6.17,6.14,0.23,3,5
6.11,6.01,6.12,6.0,0.22,3.0,5,6.02,6.13,6.15,6.1,1.3,2.0,5,6.03,6.1,6.1,6.02,0.12,4,5
6.19,6.14,6.14,6.13,0.58,4.0,5,6.11,6.01,6.12,6.0,0.22,3.0,5,6.11,6.98,6.98,6.98,0.25,5,5
5.96,5.89,6.0,5.81,0.09,5.0,4,5.93,6.21,6.21,6.2,0.05,4.0,4,6.22,6.27,6.27,6.15,0.09,1,4
6.11,6.02,6.02,6.02,0.001,1.0,4,5.96,5.89,6.0,5.81,0.09,5.0,4,6.18,6.16,6.16,6.14,1.0,2,4
6.09,6.92,6.92,6.92,0.02,2.0,4,6.11,6.02,6.02,6.02,0.001,1.0,4,6.19,6.2,6.23,6.17,0.63,3,4
6.21,7.05,7.05,7.05,1.1,3.0,4,6.09,6.92,6.92,6.92,0.02,2.0,4,5.93,6.21,6.21,6.2,0.05,4,4
6.21,6.22,6.22,6.22,0.03,4.0,4,6.21,7.05,7.05,7.05,1.1,3.0,4,5.96,5.89,6.0,5.81,0.09,5,4
6.36,7.21,7.21,7.21,0.01,5.0,4,6.21,6.22,6.22,6.22,0.03,4.0,4,6.11,6.02,6.02,6.02,0.001,1,4
6.32,7.17,7.17,7.17,1.05,1.0,4,6.36,7.21,7.21,7.21,0.01,5.0,4,6.09,6.92,6.92,6.92,0.02,2,4
6.43,6.41,6.42,6.41,0.09,2.0,4,6.32,7.17,7.17,7.17,1.05,1.0,4,6.21,7.05,7.05,7.05,1.1,3,4
6.41,6.48,6.48,6.41,0.09,3.0,4,6.43,6.41,6.42,6.41,0.09,2.0,4,6.21,6.22,6.22,6.22,0.03,4,4
6.34,6.37,6.37,6.28,0.08,4.0,4,6.41,6.48,6.48,6.41,0.09,3.0,4,6.36,7.21,7.21,7.21,0.01,5,4
6.35,6.36,6.37,6.33,0.1,5.0,4,6.34,6.37,6.37,6.28,0.08,4.0,4,6.32,7.17,7.17,7.17,1.05,1,4
6.32,6.36,6.39,6.36,0.03,1.0,4,6.35,6.36,6.37,6.33,0.1,5.0,4,6.43,6.41,6.42,6.41,0.09,2,4
6.29,6.28,6.3,6.28,0.12,2.0,4,6.32,6.36,6.39,6.36,0.03,1.0,4,6.41,6.48,6.48,6.41,0.09,3,4
6.35,6.34,6.35,6.34,0.1,3.0,4,6.29,6.28,6.3,6.28,0.12,2.0,4,6.34,6.37,6.37,6.28,0.08,4,4
6.43,6.38,6.4,6.38,0.08,4.0,4,6.35,6.34,6.35,6.34,0.1,3.0,4,6.35,6.36,6.37,6.33,0.1,5,4
6.38,6.43,6.44,6.38,0.07,5.0,4,6.43,6.38,6.4,6.38,0.08,4.0,4,6.32,6.36,6.39,6.36,0.03,1,4
6.39,6.32,6.37,6.27,0.07,1.0,3,6.38,6.43,6.44,6.38,0.07,5.0,4,6.29,6.28,6.3,6.28,0.12,2,4
6.38,6.37,6.37,6.36,0.11,2.0,3,6.39,6.32,6.37,6.27,0.07,1.0,3,6.35,6.34,6.35,6.34,0.1,3,4
6.32,6.27,6.27,6.27,0.05,3.0,3,6.38,6.37,6.37,6.36,0.11,2.0,3,6.43,6.38,6.4,6.38,0.08,4,4
6.11,6.34,6.34,6.12,4.94,4.0,3,6.32,6.27,6.27,6.27,0.05,3.0,3,6.38,6.43,6.44,6.38,0.07,5,4
6.26,6.1,6.12,6.06,0.1,5.0,3,6.11,6.34,6.34,6.12,4.94,4.0,3,6.39,6.32,6.37,6.27,0.07,1,3
6.27,6.27,6.3,6.25,0.16,1.0,3,6.26,6.1,6.12,6.06,0.1,5.0,3,6.38,6.37,6.37,6.36,0.11,2,3
6.12,6.25,6.26,6.15,0.07,2.0,3,6.27,6.27,6.3,6.25,0.16,1.0,3,6.32,6.27,6.27,6.27,0.05,3,3
6.08,6.09,6.09,6.03,0.08,3.0,3,6.12,6.25,6.26,6.15,0.07,2.0,3,6.11,6.34,6.34,6.12,4.94,4,3
6.1,6.1,6.1,6.07,0.07,4.0,3,6.08,6.09,6.09,6.03,0.08,3.0,3,6.26,6.1,6.12,6.06,0.1,5,3
6.04,6.09,6.09,5.96,0.05,5.0,3,6.1,6.1,6.1,6.07,0.07,4.0,3,6.27,6.27,6.3,6.25,0.16,1,3
5.91,5.96,5.98,5.91,0.19,1.0,3,6.04,6.09,6.09,5.96,0.05,5.0,3,6.12,6.25,6.26,6.15,0.07,2,3
5.79,5.87,5.87,5.75,0.14,2.0,3,5.91,5.96,5.98,5.91,0.19,1.0,3,6.08,6.09,6.09,6.03,0.08,3,3
5.88,5.77,5.85,5.77,0.14,3.0,3,5.79,5.87,5.87,5.75,0.14,2.0,3,6.1,6.1,6.1,6.07,0.07,4,3
5.97,5.89,5.96,5.81,0.24,4.0,3,5.88,5.77,5.85,5.77,0.14,3.0,3,6.04,6.09,6.09,5.96,0.05,5,3
6.01,5.96,5.97,5.95,0.24,5.0,3,5.97,5.89,5.96,5.81,0.24,4.0,3,5.91,5.96,5.98,5.91,0.19,1,3
5.98,6.0,6.0,5.98,0.05,1.0,3,6.01,5.96,5.97,5.95,0.24,5.0,3,5.79,5.87,5.87,5.75,0.14,2,3
5.65,5.91,5.91,5.81,0.13,2.0,3,5.98,6.0,6.0,5.98,0.05,1.0,3,5.88,5.77,5.85,5.77,0.14,3,3
5.8,5.65,5.8,5.65,0.22,3.0,3,5.65,5.91,5.91,5.81,0.13,2.0,3,5.97,5.89,5.96,5.81,0.24,4,3
5.8,5.75,5.79,5.73,3.2,4.0,3,5.8,5.65,5.8,5.65,0.22,3.0,3,6.01,5.96,5.97,5.95,0.24,5,3
5.91,5.82,5.82,5.82,0.01,5.0,3,5.8,5.75,5.79,5.73,3.2,4.0,3,5.98,6.0,6.0,5.98,0.05,1,3
5.75,5.89,5.89,5.75,6.68,1.0,3,5.91,5.82,5.82,5.82,0.01,5.0,3,5.65,5.91,5.91,5.81,0.13,2,3
5.82,5.8,5.81,5.8,0.01,2.0,3,5.75,5.89,5.89,5.75,6.68,1.0,3,5.8,5.65,5.8,5.65,0.22,3,3
5.79,5.78,5.78,5.78,0.001,3.0,2,5.82,5.8,5.81,5.8,0.01,2.0,3,5.8,5.75,5.79,5.73,3.2,4,3
5.67,5.77,5.77,5.72,0.001,4.0,2,5.79,5.78,5.78,5.78,0.001,3.0,2,5.91,5.82,5.82,5.82,0.01,5,3
5.66,5.55,5.6,5.55,0.02,5.0,2,5.67,5.77,5.77,5.72,0.001,4.0,2,5.75,5.89,5.89,5.75,6.68,1,3
5.66,5.5,5.65,5.5,0.02,1.0,2,5.66,5.55,5.6,5.55,0.02,5.0,2,5.82,5.8,5.81,5.8,0.01,2,3
5.72,5.69,5.69,5.69,0.01,2.0,2,5.66,5.5,5.65,5.5,0.02,1.0,2,5.79,5.78,5.78,5.78,0.001,3,2
6.03,5.75,6.03,5.75,0.001,3.0,2,5.72,5.69,5.69,5.69,0.01,2.0,2,5.67,5.77,5.77,5.72,0.001,4,2
6.1,6.07,6.11,6.07,0.01,4.0,2,6.03,5.75,6.03,5.75,0.001,3.0,2,5.66,5.55,5.6,5.55,0.02,5,2
6.02,5.98,5.98,5.98,0.001,5.0,2,6.1,6.07,6.11,6.07,0.01,4.0,2,5.66,5.5,5.65,5.5,0.02,1,2
6.04,6.66,6.66,6.66,1.34,1.0,2,6.02,5.98,5.98,5.98,0.001,5.0,2,5.72,5.69,5.69,5.69,0.01,2,2
6.07,6.11,6.15,6.11,0.001,2.0,2,6.04,6.66,6.66,6.66,1.34,1.0,2,6.03,5.75,6.03,5.75,0.001,3,2
6.14,6.14,6.14,6.14,0.51,3.0,2,6.07,6.11,6.15,6.11,0.001,2.0,2,6.1,6.07,6.11,6.07,0.01,4,2
6.2,6.14,6.22,6.14,1.13,4.0,2,6.14,6.14,6.14,6.14,0.51,3.0,2,6.02,5.98,5.98,5.98,0.001,5,2
6.12,6.72,6.72,6.72,1.0,5.0,2,6.2,6.14,6.22,6.14,1.13,4.0,2,6.04,6.66,6.66,6.66,1.34,1,2
6.13,6.09,6.09,6.09,0.27,1.0,2,6.12,6.72,6.72,6.72,1.0,5.0,2,6.07,6.11,6.15,6.11,0.001,2,2
6.17,6.19,6.2,6.19,1.07,2.0,2,6.13,6.09,6.09,6.09,0.27,1.0,2,6.14,6.14,6.14,6.14,0.51,3,2
6.21,6.22,6.22,6.22,0.09,3.0,2,6.17,6.19,6.2,6.19,1.07,2.0,2,6.2,6.14,6.22,6.14,1.13,4,2
6.32,6.15,6.2,6.15,2.03,4.0,2,6.21,6.22,6.22,6.22,0.09,3.0,2,6.12,6.72,6.72,6.72,1.0,5,2
6.39,7.03,7.03,7.03,0.69,5.0,2,6.32,6.15,6.2,6.15,2.03,4.0,2,6.13,6.09,6.09,6.09,0.27,1,2
6.27,6.31,6.31,6.31,0.001,1.0,2,6.39,7.03,7.03,7.03,0.69,5.0,2,6.17,6.19,6.2,6.19,1.07,2,2
6.15,6.78,6.78,6.78,0.001,2.0,2,6.27,6.31,6.31,6.31,0.001,1.0,2,6.21,6.22,6.22,6.22,0.09,3,2
6.41,7.04,7.04,7.04,2.03,3.0,2,6.15,6.78,6.78,6.78,0.001,2.0,2,6.32,6.15,6.2,6.15,2.03,4,2
6.41,7.05,7.05,7.05,1.6,4.0,2,6.41,7.04,7.04,7.04,2.03,3.0,2,6.39,7.03,7.03,7.03,0.69,5,2
6.34,6.97,6.97,6.97,0.1,5.0,2,6.41,7.05,7.05,7.05,1.6,4.0,2,6.27,6.31,6.31,6.31,0.001,1,2
6.57,6.5,6.5,6.5,0.2,1.0,1,6.34,6.97,6.97,6.97,0.1,5.0,2,6.15,6.78,6.78,6.78,0.001,2,2
6.47,6.58,6.58,6.47,0.03,2.0,1,6.57,6.5,6.5,6.5,0.2,1.0,1,6.41,7.04,7.04,7.04,2.03,3,2
6.63,7.29,7.29,7.29,0.31,3.0,1,6.47,6.58,6.58,6.47,0.03,2.0,1,6.41,7.05,7.05,7.05,1.6,4,2
6.62,7.26,7.26,7.26,0.03,4.0,1,6.63,7.29,7.29,7.29,0.31,3.0,1,6.34,6.97,6.97,6.97,0.1,5,2
6.75,6.56,6.56,6.56,0.01,5.0,1,6.62,7.26,7.26,7.26,0.03,4.0,1,6.57,6.5,6.5,6.5,0.2,1,1
6.71,7.35,7.35,7.35,1.04,1.0,1,6.75,6.56,6.56,6.56,0.01,5.0,1,6.47,6.58,6.58,6.47,0.03,2,1
6.79,6.66,6.66,6.66,0.08,2.0,1,6.71,7.35,7.35,7.35,1.04,1.0,1,6.63,7.29,7.29,7.29,0.31,3,1
6.84,6.79,6.79,6.79,0.02,3.0,1,6.79,6.66,6.66,6.66,0.08,2.0,1,6.62,7.26,7.26,7.26,0.03,4,1
6.78,6.81,6.81,6.81,0.01,4.0,1,6.84,6.79,6.79,6.79,0.02,3.0,1,6.75,6.56,6.56,6.56,0.01,5,1
6.61,6.7,6.7,6.7,0.11,5.0,1,6.78,6.81,6.81,6.81,0.01,4.0,1,6.71,7.35,7.35,7.35,1.04,1,1
6.89,7.29,7.51,7.29,0.27,1.0,1,6.61,6.7,6.7,6.7,0.11,5.0,1,6.79,6.66,6.66,6.66,0.08,2,1
7.01,7.65,7.65,7.65,3.53,2.0,1,6.89,7.29,7.51,7.29,0.27,1.0,1,6.84,6.79,6.79,6.79,0.02,3,1
7.03,7.69,7.69,7.69,1.13,3.0,1,7.01,7.65,7.65,7.65,3.53,2.0,1,6.78,6.81,6.81,6.81,0.01,4,1
6.95,7.59,7.59,7.59,2.35,4.0,1,7.03,7.69,7.69,7.69,1.13,3.0,1,6.61,6.7,6.7,6.7,0.11,5,1
6.99,6.93,6.93,6.91,0.21,5.0,1,6.95,7.59,7.59,7.59,2.35,4.0,1,6.89,7.29,7.51,7.29,0.27,1,1
7.04,7.07,7.07,7.07,0.01,1.0,1,6.99,6.93,6.93,6.91,0.21,5.0,1,7.01,7.65,7.65,7.65,3.53,2,1
7.12,7.08,7.16,6.99,31.21,2.0,1,7.04,7.07,7.07,7.07,0.01,1.0,1,7.03,7.69,7.69,7.69,1.13,3,1
7.19,7.14,7.21,7.08,13.88,3.0,1,7.12,7.08,7.16,6.99,31.21,2.0,1,6.95,7.59,7.59,7.59,2.35,4,1
7.09,7.15,7.17,7.05,16.73,4.0,1,7.19,7.14,7.21,7.08,13.88,3.0,1,6.99,6.93,6.93,6.91,0.21,5,1
7.21,7.25,7.26,7.18,0.21,2.0,0,7.25,7.17,7.25,7.17,0.16,1.0,0,7.37,7.98,7.98,7.98,0.02,3,0
7.01,7.66,7.71,7.66,0.04,5.0,11,7.25,7.85,7.85,7.85,0.001,3.0,0,7.25,7.17,7.25,7.17,0.16,1,0
6.9,6.92,6.92,6.9,0.09,1.0,11,7.01,7.66,7.71,7.66,0.04,5.0,11,7.21,7.25,7.26,7.18,0.21,2,0
6.77,6.8,6.84,6.7,0.59,2.0,11,6.9,6.92,6.92,6.9,0.09,1.0,11,7.25,7.85,7.85,7.85,0.001,3,0
6.81,6.7,6.7,6.7,1.0,4.0,11,6.78,6.71,6.71,6.66,0.46,3.0,11,7.01,7.66,7.71,7.66,0.04,5,11
6.71,6.71,6.71,6.71,0.56,5.0,11,6.81,6.7,6.7,6.7,1.0,4.0,11,6.9,6.92,6.92,6.9,0.09,1,11
6.71,6.65,6.65,6.63,0.04,1.0,11,6.71,6.71,6.71,6.71,0.56,5.0,11,6.77,6.8,6.84,6.7,0.59,2,11
7.29,6.86,7.31,6.86,0.88,2.0,11,6.71,6.65,6.65,6.63,0.04,1.0,11,6.78,6.71,6.71,6.66,0.46,3,11
7.16,7.2,7.23,7.2,0.49,3.0,11,7.29,6.86,7.31,6.86,0.88,2.0,11,6.81,6.7,6.7,6.7,1.0,4,11
7.12,7.17,7.17,7.07,1.21,4.0,11,7.16,7.2,7.23,7.2,0.49,3.0,11,6.71,6.71,6.71,6.71,0.56,5,11
7.13,7.13,7.13,7.11,1.83,5.0,11,7.12,7.17,7.17,7.07,1.21,4.0,11,6.71,6.65,6.65,6.63,0.04,1,11
7.21,7.07,7.22,7.03,0.2,1.0,11,7.13,7.13,7.13,7.11,1.83,5.0,11,7.29,6.86,7.31,6.86,0.88,2,11
7.16,7.1,7.1,7.1,0.1,2.0,11,7.21,7.07,7.22,7.03,0.2,1.0,11,7.16,7.2,7.23,7.2,0.49,3,11
7.32,7.3,7.34,7.3,10.07,3.0,11,7.16,7.1,7.1,7.1,0.1,2.0,11,7.12,7.17,7.17,7.07,1.21,4,11
6.76,7.34,7.34,6.77,3.35,4.0,11,7.32,7.3,7.34,7.3,10.07,3.0,11,7.13,7.13,7.13,7.11,1.83,5,11
6.8,6.91,6.92,6.8,1.9,5.0,11,6.76,7.34,7.34,6.77,3.35,4.0,11,7.21,7.07,7.22,7.03,0.2,1,11
6.85,6.82,6.82,6.77,0.001,1.0,11,6.8,6.91,6.92,6.8,1.9,5.0,11,7.16,7.1,7.1,7.1,0.1,2,11
6.84,6.83,6.83,6.83,0.3,2.0,11,6.85,6.82,6.82,6.77,0.001,1.0,11,7.32,7.3,7.34,7.3,10.07,3,11
6.95,6.81,6.81,6.81,0.28,3.0,11,6.84,6.83,6.83,6.83,0.3,2.0,11,6.76,7.34,7.34,6.77,3.35,4,11
7.06,6.95,7.09,6.95,0.44,4.0,11,6.95,6.81,6.81,6.81,0.28,3.0,11,6.8,6.91,6.92,6.8,1.9,5,11
7.08,6.97,7.09,6.97,1.46,5.0,11,7.06,6.95,7.09,6.95,0.44,4.0,11,6.85,6.82,6.82,6.77,0.001,1,11
7.13,7.08,7.12,7.08,0.03,1.0,10,7.08,6.97,7.09,6.97,1.46,5.0,11,6.84,6.83,6.83,6.83,0.3,2,11
7.06,7.09,7.09,7.08,0.17,2.0,10,7.13,7.08,7.12,7.08,0.03,1.0,10,6.95,6.81,6.81,6.81,0.28,3,11
6.93,6.99,6.99,6.85,0.03,3.0,10,7.06,7.09,7.09,7.08,0.17,2.0,10,7.06,6.95,7.09,6.95,0.44,4,11
7.0,6.92,6.94,6.92,2.34,4.0,10,6.93,6.99,6.99,6.85,0.03,3.0,10,7.08,6.97,7.09,6.97,1.46,5,11
6.95,6.93,6.93,6.88,0.27,5.0,10,7.0,6.92,6.94,6.92,2.34,4.0,10,7.13,7.08,7.12,7.08,0.03,1,10
6.91,6.87,6.88,6.81,0.08,1.0,10,6.95,6.93,6.93,6.88,0.27,5.0,10,7.06,7.09,7.09,7.08,0.17,2,10
7.1,6.89,7.06,6.86,0.08,2.0,10,6.91,6.87,6.88,6.81,0.08,1.0,10,6.93,6.99,6.99,6.85,0.03,3,10
7.23,7.19,7.19,7.16,0.06,3.0,10,7.1,6.89,7.06,6.86,0.08,2.0,10,7.0,6.92,6.94,6.92,2.34,4,10
7.39,7.33,7.39,7.16,0.56,4.0,10,7.23,7.19,7.19,7.16,0.06,3.0,10,6.95,6.93,6.93,6.88,0.27,5,10
7.63,7.36,7.59,7.33,0.4,5.0,10,7.39,7.33,7.39,7.16,0.56,4.0,10,6.91,6.87,6.88,6.81,0.08,1,10
7.65,7.59,7.79,7.59,0.14,1.0,10,7.63,7.36,7.59,7.33,0.4,5.0,10,7.1,6.89,7.06,6.86,0.08,2,10
7.47,7.6,7.6,7.47,0.04,2.0,10,7.65,7.59,7.79,7.59,0.14,1.0,10,7.23,7.19,7.19,7.16,0.06,3,10
7.49,7.45,7.56,7.36,0.11,3.0,10,7.47,7.6,7.6,7.47,0.04,2.0,10,7.39,7.33,7.39,7.16,0.56,4,10
7.34,7.39,7.4,7.35,0.36,4.0,10,7.49,7.45,7.56,7.36,0.11,3.0,10,7.63,7.36,7.59,7.33,0.4,5,10
7.32,7.36,7.38,7.3,0.36,5.0,10,7.34,7.39,7.4,7.35,0.36,4.0,10,7.65,7.59,7.79,7.59,0.14,1,10
7.7,7.2,7.74,7.19,1.42,1.0,10,7.32,7.36,7.38,7.3,0.36,5.0,10,7.47,7.6,7.6,7.47,0.04,2,10
7.47,7.73,7.73,7.29,0.39,2.0,10,7.7,7.2,7.74,7.19,1.42,1.0,10,7.49,7.45,7.56,7.36,0.11,3,10
7.39,7.63,7.66,7.4,15.72,3.0,10,7.47,7.73,7.73,7.29,0.39,2.0,10,7.34,7.39,7.4,7.35,0.36,4,10
7.06,7.3,7.33,7.02,0.27,4.0,10,7.39,7.63,7.66,7.4,15.72,3.0,10,7.32,7.36,7.38,7.3,0.36,5,10
7.1,7.04,7.11,6.93,0.76,5.0,10,7.06,7.3,7.33,7.02,0.27,4.0,10,7.7,7.2,7.74,7.19,1.42,1,10
6.95,7.01,7.01,6.87,0.68,1.0,9,7.1,7.04,7.11,6.93,0.76,5.0,10,7.47,7.73,7.73,7.29,0.39,2,10
6.73,6.85,6.87,6.73,0.53,2.0,9,6.95,7.01,7.01,6.87,0.68,1.0,9,7.39,7.63,7.66,7.4,15.72,3,10
7.02,6.65,7.03,6.62,1.2,3.0,9,6.73,6.85,6.87,6.73,0.53,2.0,9,7.06,7.3,7.33,7.02,0.27,4,10
6.75,7.02,7.02,6.69,0.73,4.0,9,7.02,6.65,7.03,6.62,1.2,3.0,9,7.1,7.04,7.11,6.93,0.76,5,10
6.8,6.71,6.84,6.66,3.44,5.0,9,6.75,7.02,7.02,6.69,0.73,4.0,9,6.95,7.01,7.01,6.87,0.68,1,9
6.68,6.74,6.74,6.64,1.46,1.0,9,6.8,6.71,6.84,6.66,3.44,5.0,9,6.73,6.85,6.87,6.73,0.53,2,9
6.82,6.66,6.82,6.58,0.67,2.0,9,6.68,6.74,6.74,6.64,1.46,1.0,9,7.02,6.65,7.03,6.62,1.2,3,9
6.76,6.77,6.8,6.74,0.73,3.0,9,6.82,6.66,6.82,6.58,0.67,2.0,9,6.75,7.02,7.02,6.69,0.73,4,9
6.41,6.7,6.7,6.39,2.36,4.0,9,6.76,6.77,6.8,6.74,0.73,3.0,9,6.8,6.71,6.84,6.66,3.44,5,9
6.46,6.36,6.5,6.23,1.82,5.0,9,6.41,6.7,6.7,6.39,2.36,4.0,9,6.68,6.74,6.74,6.64,1.46,1,9
6.49,6.39,6.51,6.36,2.0,1.0,9,6.46,6.36,6.5,6.23,1.82,5.0,9,6.82,6.66,6.82,6.58,0.67,2,9
6.73,6.46,6.75,6.4,1.96,2.0,9,6.49,6.39,6.51,6.36,2.0,1.0,9,6.76,6.77,6.8,6.74,0.73,3,9
6.74,6.69,6.81,6.65,1.28,3.0,9,6.73,6.46,6.75,6.4,1.96,2.0,9,6.41,6.7,6.7,6.39,2.36,4,9
6.67,6.76,6.76,6.67,12.23,4.0,9,6.74,6.69,6.81,6.65,1.28,3.0,9,6.46,6.36,6.5,6.23,1.82,5,9
7.04,6.67,6.95,6.63,23.48,5.0,9,6.67,6.76,6.76,6.67,12.23,4.0,9,6.49,6.39,6.51,6.36,2.0,1,9
7.04,6.97,7.07,6.92,3.62,1.0,9,7.04,6.67,6.95,6.63,23.48,5.0,9,6.73,6.46,6.75,6.4,1.96,2,9
7.03,7.03,7.03,7.03,0.03,2.0,9,7.04,6.97,7.07,6.92,3.62,1.0,9,6.74,6.69,6.81,6.65,1.28,3,9
6.97,7.03,7.05,6.8,0.1,3.0,9,7.03,7.03,7.03,7.03,0.03,2.0,9,6.67,6.76,6.76,6.67,12.23,4,9
6.95,6.99,6.99,6.99,0.02,4.0,9,6.97,7.03,7.05,6.8,0.1,3.0,9,7.04,6.67,6.95,6.63,23.48,5,9
6.76,7.4,7.41,7.4,0.28,5.0,9,6.95,6.99,6.99,6.99,0.02,4.0,9,7.04,6.97,7.07,6.92,3.62,1,9
6.88,6.79,6.92,6.79,0.2,1.0,9,6.76,7.4,7.41,7.4,0.28,5.0,9,7.03,7.03,7.03,7.03,0.03,2,9
6.92,6.93,6.93,6.91,0.24,2.0,9,6.88,6.79,6.92,6.79,0.2,1.0,9,6.97,7.03,7.05,6.8,0.1,3,9
7.14,7.03,7.08,7.03,0.01,3.0,8,6.92,6.93,6.93,6.91,0.24,2.0,9,6.95,6.99,6.99,6.99,0.02,4,9
7.15,7.17,7.19,7.17,0.001,4.0,8,7.14,7.03,7.08,7.03,0.01,3.0,8,6.92,6.93,6.93,6.91,0.24,2,9
7.11,7.14,7.14,7.1,0.01,2.0,8,7.15,7.17,7.19,7.17,0.001,4.0,8,7.14,7.03,7.08,7.03,0.01,3,8
7.12,7.11,7.15,7.11,0.03,3.0,8,7.11,7.14,7.14,7.1,0.01,2.0,8,7.15,7.17,7.19,7.17,0.001,4,8
6.8,6.92,6.92,6.8,0.04,1.0,8,6.94,6.98,6.99,6.97,1.88,5.0,8,7.11,7.14,7.14,7.1,0.01,2,8
6.8,6.84,6.85,6.84,0.18,2.0,8,6.8,6.92,6.92,6.8,0.04,1.0,8,7.12,7.11,7.15,7.11,0.03,3,8
6.85,7.25,7.25,7.25,0.14,3.0,8,6.8,6.84,6.85,6.84,0.18,2.0,8,7.01,7.11,7.11,7.06,0.55,4,8
6.87,6.86,6.89,6.86,0.01,4.0,8,6.85,7.25,7.25,7.25,0.14,3.0,8,6.94,6.98,6.99,6.97,1.88,5,8
6.84,6.86,6.86,6.83,0.56,5.0,8,6.87,6.86,6.89,6.86,0.01,4.0,8,6.8,6.92,6.92,6.8,0.04,1,8
7.13,7.29,7.49,7.29,1.48,1.0,8,6.84,6.86,6.86,6.83,0.56,5.0,8,6.8,6.84,6.85,6.84,0.18,2,8
7.08,7.1,7.1,7.1,0.48,2.0,8,7.13,7.29,7.49,7.29,1.48,1.0,8,6.85,7.25,7.25,7.25,0.14,3,8
7.09,7.1,7.1,7.09,0.08,3.0,8,7.08,7.1,7.1,7.1,0.48,2.0,8,6.87,6.86,6.89,6.86,0.01,4,8
7.25,7.06,7.11,7.06,1.33,4.0,8,7.09,7.1,7.1,7.09,0.08,3.0,8,6.84,6.86,6.86,6.83,0.56,5,8
7.28,7.26,7.32,7.26,0.03,5.0,8,7.25,7.06,7.11,7.06,1.33,4.0,8,7.13,7.29,7.49,7.29,1.48,1,8
7.15,7.3,7.35,7.3,0.4,1.0,8,7.28,7.26,7.32,7.26,0.03,5.0,8,7.08,7.1,7.1,7.1,0.48,2,8
7.35,7.15,7.31,7.15,0.03,2.0,8,7.15,7.3,7.35,7.3,0.4,1.0,8,7.09,7.1,7.1,7.09,0.08,3,8
7.46,7.35,7.35,7.35,0.001,3.0,8,7.35,7.15,7.31,7.15,0.03,2.0,8,7.25,7.06,7.11,7.06,1.33,4,8
7.39,7.5,7.5,7.5,0.02,4.0,8,7.46,7.35,7.35,7.35,0.001,3.0,8,7.28,7.26,7.32,7.26,0.03,5,8
7.48,7.89,7.89,7.89,0.63,5.0,7,7.39,7.5,7.5,7.5,0.02,4.0,8,7.15,7.3,7.35,7.3,0.4,1,8
7.58,7.55,7.55,7.55,0.01,1.0,7,7.48,7.89,7.89,7.89,0.63,5.0,7,7.35,7.15,7.31,7.15,0.03,2,8
7.55,7.54,7.56,7.54,0.01,2.0,7,7.58,7.55,7.55,7.55,0.01,1.0,7,7.46,7.35,7.35,7.35,0.001,3,8
7.53,7.67,7.67,7.62,0.03,3.0,7,7.55,7.54,7.56,7.54,0.01,2.0,7,7.39,7.5,7.5,7.5,0.02,4,8
7.43,7.84,7.84,7.84,0.15,4.0,7,7.53,7.67,7.67,7.62,0.03,3.0,7,7.48,7.89,7.89,7.89,0.63,5,7
7.53,7.92,7.93,7.92,0.04,5.0,7,7.43,7.84,7.84,7.84,0.15,4.0,7,7.58,7.55,7.55,7.55,0.01,1,7
7.62,7.54,7.6,7.51,0.59,1.0,7,7.53,7.92,7.93,7.92,0.04,5.0,7,7.55,7.54,7.56,7.54,0.01,2,7
7.59,7.68,7.68,7.63,0.5,2.0,7,7.62,7.54,7.6,7.51,0.59,1.0,7,7.53,7.67,7.67,7.62,0.03,3,7
7.64,7.6,7.6,7.6,0.001,3.0,7,7.59,7.68,7.68,7.63,0.5,2.0,7,7.43,7.84,7.84,7.84,0.15,4,7
7.55,8.06,8.06,8.06,0.03,4.0,7,7.64,7.6,7.6,7.6,0.001,3.0,7,7.53,7.92,7.93,7.92,0.04,5,7
7.59,7.98,7.98,7.98,2.54,5.0,7,7.55,8.06,8.06,8.06,0.03,4.0,7,7.62,7.54,7.6,7.51,0.59,1,7
7.6,7.53,7.53,7.53,0.001,1.0,7,7.59,7.98,7.98,7.98,2.54,5.0,7,7.59,7.68,7.68,7.63,0.5,2,7
7.37,7.55,7.55,7.55,0.04,2.0,7,7.6,7.53,7.53,7.53,0.001,1.0,7,7.64,7.6,7.6,7.6,0.001,3,7
7.35,7.49,7.49,7.49,0.04,3.0,7,7.37,7.55,7.55,7.55,0.04,2.0,7,7.55,8.06,8.06,8.06,0.03,4,7
7.3,7.36,7.38,7.32,0.02,4.0,7,7.35,7.49,7.49,7.49,0.04,3.0,7,7.59,7.98,7.98,7.98,2.54,5,7
7.3,7.27,7.27,7.27,0.04,5.0,7,7.3,7.36,7.38,7.32,0.02,4.0,7,7.6,7.53,7.53,7.53,0.001,1,7
7.36,7.37,7.37,7.37,0.04,1.0,7,7.3,7.27,7.27,7.27,0.04,5.0,7,7.37,7.55,7.55,7.55,0.04,2,7
7.22,7.37,7.37,7.37,0.04,2.0,7,7.36,7.37,7.37,7.37,0.04,1.0,7,7.35,7.49,7.49,7.49,0.04,3,7
7.17,7.18,7.18,7.18,0.05,3.0,7,7.22,7.37,7.37,7.37,0.04,2.0,7,7.3,7.36,7.38,7.32,0.02,4,7
7.18,7.17,7.2,7.17,0.07,4.0,7,7.17,7.18,7.18,7.18,0.05,3.0,7,7.3,7.27,7.27,7.27,0.04,5,7
7.32,7.29,7.29,7.29,1.05,5.0,7,7.18,7.17,7.2,7.17,0.07,4.0,7,7.36,7.37,7.37,7.37,0.04,1,7
7.24,7.25,7.25,7.25,0.01,1.0,6,7.32,7.29,7.29,7.29,1.05,5.0,7,7.22,7.37,7.37,7.37,0.04,2,7
7.44,7.36,7.36,7.36,0.98,2.0,6,7.24,7.25,7.25,7.25,0.01,1.0,6,7.17,7.18,7.18,7.18,0.05,3,7
7.48,7.5,7.53,7.5,0.1,3.0,6,7.44,7.36,7.36,7.36,0.98,2.0,6,7.18,7.17,7.2,7.17,0.07,4,7
7.39,7.5,7.5,7.41,0.08,4.0,6,7.48,7.5,7.53,7.5,0.1,3.0,6,7.32,7.29,7.29,7.29,1.05,5,7
7.4,7.46,7.46,7.46,0.06,5.0,6,7.39,7.5,7.5,7.41,0.08,4.0,6,7.24,7.25,7.25,7.25,0.01,1,6
7.44,7.82,7.82,7.82,0.11,1.0,6,7.4,7.46,7.46,7.46,0.06,5.0,6,7.44,7.36,7.36,7.36,0.98,2,6
7.56,7.51,7.51,7.51,4.62,2.0,6,7.44,7.82,7.82,7.82,0.11,1.0,6,7.48,7.5,7.53,7.5,0.1,3,6
7.58,7.54,7.6,7.54,0.28,3.0,6,7.56,7.51,7.51,7.51,4.62,2.0,6,7.39,7.5,7.5,7.41,0.08,4,6
7.5,7.55,7.55,7.55,0.05,4.0,6,7.58,7.54,7.6,7.54,0.28,3.0,6,7.4,7.46,7.46,7.46,0.06,5,6
7.61,7.53,7.55,7.53,0.95,5.0,6,7.5,7.55,7.55,7.55,0.05,4.0,6,7.44,7.82,7.82,7.82,0.11,1,6
7.51,7.57,7.57,7.57,1.54,1.0,6,7.61,7.53,7.55,7.53,0.95,5.0,6,7.56,7.51,7.51,7.51,4.62,2,6
7.41,7.47,7.47,7.46,0.1,2.0,6,7.51,7.57,7.57,7.57,1.54,1.0,6,7.58,7.54,7.6,7.54,0.28,3,6
7.46,7.47,7.47,7.44,0.06,3.0,6,7.41,7.47,7.47,7.46,0.1,2.0,6,7.5,7.55,7.55,7.55,0.05,4,6
7.45,7.47,7.47,7.47,0.01,4.0,6,7.46,7.47,7.47,7.44,0.06,3.0,6,7.61,7.53,7.55,7.53,0.95,5,6
7.41,7.43,7.43,7.4,0.12,5.0,6,7.45,7.47,7.47,7.47,0.01,4.0,6,7.51,7.57,7.57,7.57,1.54,1,6
7.46,7.47,7.47,7.47,0.05,1.0,6,7.41,7.43,7.43,7.4,0.12,5.0,6,7.41,7.47,7.47,7.46,0.1,2,6
7.48,7.83,7.85,7.8,0.25,2.0,6,7.46,7.47,7.47,7.47,0.05,1.0,6,7.46,7.47,7.47,7.44,0.06,3,6
7.48,7.51,7.51,7.51,4.32,3.0,6,7.48,7.83,7.85,7.8,0.25,2.0,6,7.45,7.47,7.47,7.47,0.01,4,6
7.58,7.55,7.55,7.55,0.52,4.0,6,7.48,7.51,7.51,7.51,4.32,3.0,6,7.41,7.43,7.43,7.4,0.12,5,6
7.52,7.91,7.91,7.91,0.31,5.0,6,7.58,7.55,7.55,7.55,0.52,4.0,6,7.46,7.47,7.47,7.47,0.05,1,6
7.33,7.3,7.38,7.3,1.09,1.0,6,7.52,7.91,7.91,7.91,0.31,5.0,6,7.48,7.83,7.85,7.8,0.25,2,6
7.42,7.36,7.36,7.36,0.02,2.0,6,7.33,7.3,7.38,7.3,1.09,1.0,6,7.48,7.51,7.51,7.51,4.32,3,6
7.47,7.81,7.81,7.81,0.15,3.0,5,7.42,7.36,7.36,7.36,0.02,2.0,6,7.58,7.55,7.55,7.55,0.52,4,6
7.43,7.47,7.47,7.47,0.01,4.0,5,7.47,7.81,7.81,7.81,0.15,3.0,5,7.52,7.91,7.91,7.91,0.31,5,6
7.42,7.77,7.77,7.77,1.85,5.0,5,7.43,7.47,7.47,7.47,0.01,4.0,5,7.33,7.3,7.38,7.3,1.09,1,6
7.36,7.39,7.39,7.33,0.06,1.0,5,7.42,7.77,7.77,7.77,1.85,5.0,5,7.42,7.36,7.36,7.36,0.02,2,6
7.44,7.77,7.77,7.77,0.31,2.0,5,7.36,7.39,7.39,7.33,0.06,1.0,5,7.47,7.81,7.81,7.81,0.15,3,5
7.43,7.76,7.76,7.76,2.76,3.0,5,7.44,7.77,7.77,7.77,0.31,2.0,5,7.43,7.47,7.47,7.47,0.01,4,5
7.46,7.8,7.8,7.8,0.7,4.0,5,7.43,7.76,7.76,7.76,2.76,3.0,5,7.42,7.77,7.77,7.77,1.85,5,5
7.59,7.9,7.9,7.9,1.95,5.0,5,7.46,7.8,7.8,7.8,0.7,4.0,5,7.36,7.39,7.39,7.33,0.06,1,5
7.77,7.65,7.65,7.65,0.02,1.0,5,7.59,7.9,7.9,7.9,1.95,5.0,5,7.44,7.77,7.77,7.77,0.31,2,5
7.71,7.77,7.81,7.77,0.03,2.0,5,7.77,7.65,7.65,7.65,0.02,1.0,5,7.43,7.76,7.76,7.76,2.76,3,5
7.74,7.77,7.77,7.76,0.03,3.0,5,7.71,7.77,7.81,7.77,0.03,2.0,5,7.46,7.8,7.8,7.8,0.7,4,5
7.64,7.7,7.7,7.7,0.001,4.0,5,7.74,7.77,7.77,7.76,0.03,3.0,5,7.59,7.9,7.9,7.9,1.95,5,5
7.72,7.67,7.67,7.65,0.01,5.0,5,7.64,7.7,7.7,7.7,0.001,4.0,5,7.77,7.65,7.65,7.65,0.02,1,5
7.96,8.17,8.25,8.17,2.32,1.0,5,7.72,7.67,7.67,7.65,0.01,5.0,5,7.71,7.77,7.81,7.77,0.03,2,5
7.94,8.32,8.32,8.31,0.22,2.0,5,7.96,8.17,8.25,8.17,2.32,1.0,5,7.74,7.77,7.77,7.76,0.03,3,5
7.94,8.25,8.25,8.25,0.35,3.0,5,7.94,8.32,8.32,8.31,0.22,2.0,5,7.64,7.7,7.7,7.7,0.001,4,5
8.05,8.43,8.43,8.39,0.3,4.0,5,7.94,8.25,8.25,8.25,0.35,3.0,5,7.72,7.67,7.67,7.65,0.01,5,5
7.98,8.44,8.44,8.4,0.06,5.0,5,8.05,8.43,8.43,8.39,0.3,4.0,5,7.96,8.17,8.25,8.17,2.32,1,5
8.0,7.97,7.97,7.97,0.02,1.0,5,7.98,8.44,8.44,8.4,0.06,5.0,5,7.94,8.32,8.32,8.31,0.22,2,5
8.0,7.94,7.94,7.94,0.02,2.0,5,8.0,7.97,7.97,7.97,0.02,1.0,5,7.94,8.25,8.25,8.25,0.35,3,5
8.04,8.4,8.4,8.4,0.3,3.0,5,8.0,7.94,7.94,7.94,0.02,2.0,5,8.05,8.43,8.43,8.39,0.3,4,5
7.86,8.04,8.04,7.87,0.05,4.0,5,8.04,8.4,8.4,8.4,0.3,3.0,5,7.98,8.44,8.44,8.4,0.06,5,5
7.85,8.21,8.21,8.21,0.001,5.0,5,7.86,8.04,8.04,7.87,0.05,4.0,5,8.0,7.97,7.97,7.97,0.02,1,5
7.93,7.91,7.95,7.91,0.04,1.0,4,7.85,8.21,8.21,8.21,0.001,5.0,5,8.0,7.94,7.94,7.94,0.02,2,5
7.88,7.95,7.95,7.95,0.09,2.0,4,7.93,7.91,7.95,7.91,0.04,1.0,4,8.04,8.4,8.4,8.4,0.3,3,5
7.81,7.85,7.85,7.85,0.1,3.0,4,7.88,7.95,7.95,7.95,0.09,2.0,4,7.86,8.04,8.04,7.87,0.05,4,5
7.82,8.17,8.17,8.17,1.23,4.0,4,7.81,7.85,7.85,7.85,0.1,3.0,4,7.85,8.21,8.21,8.21,0.001,5,5
7.76,7.8,7.8,7.8,0.001,5.0,4,7.82,8.17,8.17,8.17,1.23,4.0,4,7.93,7.91,7.95,7.91,0.04,1,4
7.9,8.25,8.25,8.25,1.53,1.0,4,7.76,7.8,7.8,7.8,0.001,5.0,4,7.88,7.95,7.95,7.95,0.09,2,4
8.07,7.93,7.93,7.93,0.01,2.0,4,7.9,8.25,8.25,8.25,1.53,1.0,4,7.81,7.85,7.85,7.85,0.1,3,4
8.17,8.15,8.15,8.15,0.03,3.0,4,8.07,7.93,7.93,7.93,0.01,2.0,4,7.82,8.17,8.17,8.17,1.23,4,4
8.17,8.21,8.21,8.21,0.03,4.0,4,8.17,8.15,8.15,8.15,0.03,3.0,4,7.76,7.8,7.8,7.8,0.001,5,4
8.3,8.16,8.16,8.16,0.03,5.0,4,8.17,8.21,8.21,8.21,0.03,4.0,4,7.9,8.25,8.25,8.25,1.53,1,4
8.22,8.25,8.29,8.25,0.03,1.0,4,8.3,8.16,8.16,8.16,0.03,5.0,4,8.07,7.93,7.93,7.93,0.01,2,4
8.25,8.55,8.61,8.55,0.05,2.0,4,8.22,8.25,8.29,8.25,0.03,1.0,4,8.17,8.15,8.15,8.15,0.03,3,4
8.32,8.64,8.66,8.64,0.01,3.0,4,8.25,8.55,8.61,8.55,0.05,2.0,4,8.17,8.21,8.21,8.21,0.03,4,4
8.34,8.67,8.67,8.66,0.09,4.0,4,8.32,8.64,8.66,8.64,0.01,3.0,4,8.3,8.16,8.16,8.16,0.03,5,4
8.18,8.18,8.18,8.18,0.01,5.0,4,8.34,8.67,8.67,8.66,0.09,4.0,4,8.22,8.25,8.29,8.25,0.03,1,4
8.15,8.13,8.13,8.13,0.17,1.0,4,8.18,8.18,8.18,8.18,0.01,5.0,4,8.25,8.55,8.61,8.55,0.05,2,4
8.23,8.58,8.58,8.58,1.95,2.0,4,8.15,8.13,8.13,8.13,0.17,1.0,4,8.32,8.64,8.66,8.64,0.01,3,4
8.08,8.61,8.61,8.55,0.14,3.0,4,8.23,8.58,8.58,8.58,1.95,2.0,4,8.34,8.67,8.67,8.66,0.09,4,4
8.03,8.13,8.13,8.04,0.14,4.0,4,8.08,8.61,8.61,8.55,0.14,3.0,4,8.18,8.18,8.18,8.18,0.01,5,4
8.09,8.03,8.03,8.03,0.02,5.0,4,8.03,8.13,8.13,8.04,0.14,4.0,4,8.15,8.13,8.13,8.13,0.17,1,4
8.05,8.46,8.48,8.43,0.2,1.0,4,8.09,8.03,8.03,8.03,0.02,5.0,4,8.23,8.58,8.58,8.58,1.95,2,4
7.99,7.99,7.99,7.99,0.1,2.0,3,8.05,8.46,8.48,8.43,0.2,1.0,4,8.08,8.61,8.61,8.55,0.14,3,4
8.1,8.0,8.1,8.0,0.02,3.0,3,7.99,7.99,7.99,7.99,0.1,2.0,3,8.03,8.13,8.13,8.04,0.14,4,4
8.15,8.15,8.15,8.07,0.01,4.0,3,8.1,8.0,8.1,8.0,0.02,3.0,3,8.09,8.03,8.03,8.03,0.02,5,4
8.07,8.43,8.44,8.43,0.32,5.0,3,8.15,8.15,8.15,8.07,0.01,4.0,3,8.05,8.46,8.48,8.43,0.2,1,4
8.06,8.41,8.41,8.41,1.54,1.0,3,8.07,8.43,8.44,8.43,0.32,5.0,3,7.99,7.99,7.99,7.99,0.1,2,3
8.22,8.1,8.1,8.1,0.01,2.0,3,8.06,8.41,8.41,8.41,1.54,1.0,3,8.1,8.0,8.1,8.0,0.02,3,3
8.25,8.27,8.27,8.27,0.01,3.0,3,8.22,8.1,8.1,8.1,0.01,2.0,3,8.15,8.15,8.15,8.07,0.01,4,3
8.26,8.27,8.27,8.23,0.01,4.0,3,8.25,8.27,8.27,8.27,0.01,3.0,3,8.07,8.43,8.44,8.43,0.32,5,3
8.24,8.23,8.23,8.21,0.15,5.0,3,8.26,8.27,8.27,8.23,0.01,4.0,3,8.06,8.41,8.41,8.41,1.54,1,3
8.21,8.23,8.23,8.23,0.04,1.0,3,8.24,8.23,8.23,8.21,0.15,5.0,3,8.22,8.1,8.1,8.1,0.01,2,3
8.15,8.52,8.53,8.51,2.9,2.0,3,8.21,8.23,8.23,8.23,0.04,1.0,3,8.25,8.27,8.27,8.27,0.01,3,3
8.21,8.5,8.56,8.49,1.71,3.0,3,8.15,8.52,8.53,8.51,2.9,2.0,3,8.26,8.27,8.27,8.23,0.01,4,3
8.21,8.53,8.53,8.52,0.12,4.0,3,8.21,8.5,8.56,8.49,1.71,3.0,3,8.24,8.23,8.23,8.21,0.15,5,3
8.09,8.13,8.13,8.13,0.01,5.0,3,8.21,8.53,8.53,8.52,0.12,4.0,3,8.21,8.23,8.23,8.23,0.04,1,3
7.96,8.08,8.08,8.06,0.02,1.0,3,8.09,8.13,8.13,8.13,0.01,5.0,3,8.15,8.52,8.53,8.51,2.9,2,3
8.0,8.01,8.01,7.98,0.07,2.0,3,7.96,8.08,8.08,8.06,0.02,1.0,3,8.21,8.5,8.56,8.49,1.71,3,3
8.05,8.39,8.39,8.39,0.08,3.0,3,8.0,8.01,8.01,7.98,0.07,2.0,3,8.21,8.53,8.53,8.52,0.12,4,3
7.99,8.33,8.33,8.33,0.17,4.0,3,8.05,8.39,8.39,8.39,0.08,3.0,3,8.09,8.13,8.13,8.13,0.01,5,3
7.98,7.99,7.99,7.96,0.61,5.0,3,7.99,8.33,8.33,8.33,0.17,4.0,3,7.96,8.08,8.08,8.06,0.02,1,3
7.9,7.96,7.96,7.9,0.58,1.0,3,7.98,7.99,7.99,7.96,0.61,5.0,3,8.0,8.01,8.01,7.98,0.07,2,3
7.96,8.27,8.27,8.27,0.45,2.0,3,7.9,7.96,7.96,7.9,0.58,1.0,3,8.05,8.39,8.39,8.39,0.08,3,3
8.13,8.09,8.09,8.09,0.001,3.0,3,7.96,8.27,8.27,8.27,0.45,2.0,3,7.99,8.33,8.33,8.33,0.17,4,3
8.15,8.49,8.53,8.49,1.01,4.0,2,8.13,8.09,8.09,8.09,0.001,3.0,3,7.98,7.99,7.99,7.96,0.61,5,3
8.13,8.15,8.15,8.15,0.01,5.0,2,8.15,8.49,8.53,8.49,1.01,4.0,2,7.9,7.96,7.96,7.9,0.58,1,3
8.19,8.51,8.51,8.51,0.35,1.0,2,8.13,8.15,8.15,8.15,0.01,5.0,2,7.96,8.27,8.27,8.27,0.45,2,3
8.2,8.49,8.51,8.48,0.09,2.0,2,8.19,8.51,8.51,8.51,0.35,1.0,2,8.13,8.09,8.09,8.09,0.001,3,3
8.09,8.51,8.51,8.46,1.05,3.0,2,8.2,8.49,8.51,8.48,0.09,2.0,2,8.15,8.49,8.53,8.49,1.01,4,2
8.11,8.43,8.43,8.42,0.22,4.0,2,8.09,8.51,8.51,8.46,1.05,3.0,2,8.13,8.15,8.15,8.15,0.01,5,2
8.33,8.44,8.66,8.44,0.25,5.0,2,8.11,8.43,8.43,8.42,0.22,4.0,2,8.19,8.51,8.51,8.51,0.35,1,2
8.28,8.32,8.32,8.32,0.01,1.0,2,8.33,8.44,8.66,8.44,0.25,5.0,2,8.2,8.49,8.51,8.48,0.09,2,2
8.32,8.66,8.66,8.66,0.02,2.0,2,8.28,8.32,8.32,8.32,0.01,1.0,2,8.09,8.51,8.51,8.46,1.05,3,2
8.42,8.65,8.69,8.63,0.27,3.0,2,8.32,8.66,8.66,8.66,0.02,2.0,2,8.11,8.43,8.43,8.42,0.22,4,2
8.41,8.47,8.47,8.47,0.01,4.0,2,8.42,8.65,8.69,8.63,0.27,3.0,2,8.33,8.44,8.66,8.44,0.25,5,2
8.38,8.72,8.72,8.72,0.25,5.0,2,8.41,8.47,8.47,8.47,0.01,4.0,2,8.28,8.32,8.32,8.32,0.01,1,2
8.34,8.64,8.64,8.64,4.03,1.0,2,8.38,8.72,8.72,8.72,0.25,5.0,2,8.32,8.66,8.66,8.66,0.02,2,2
8.46,8.72,8.75,8.72,0.05,2.0,2,8.34,8.64,8.64,8.64,4.03,1.0,2,8.42,8.65,8.69,8.63,0.27,3,2
8.44,8.78,8.78,8.78,0.1,3.0,2,8.46,8.72,8.75,8.72,0.05,2.0,2,8.41,8.47,8.47,8.47,0.01,4,2
8.47,8.46,8.46,8.46,0.03,4.0,2,8.44,8.78,8.78,8.78,0.1,3.0,2,8.38,8.72,8.72,8.72,0.25,5,2
8.62,8.53,8.53,8.53,0.001,5.0,2,8.47,8.46,8.46,8.46,0.03,4.0,2,8.34,8.64,8.64,8.64,4.03,1,2
8.65,8.56,8.56,8.56,0.01,1.0,2,8.62,8.53,8.53,8.53,0.001,5.0,2,8.46,8.72,8.75,8.72,0.05,2,2
8.6,8.93,8.94,8.92,2.27,2.0,2,8.65,8.56,8.56,8.56,0.01,1.0,2,8.44,8.78,8.78,8.78,0.1,3,2
8.56,8.87,8.87,8.87,0.1,3.0,2,8.6,8.93,8.94,8.92,2.27,2.0,2,8.47,8.46,8.46,8.46,0.03,4,2
8.67,8.93,8.98,8.93,0.12,4.0,2,8.56,8.87,8.87,8.87,0.1,3.0,2,8.62,8.53,8.53,8.53,0.001,5,2
8.63,8.94,8.95,8.94,0.01,5.0,2,8.67,8.93,8.98,8.93,0.12,4.0,2,8.65,8.56,8.56,8.56,0.01,1,2
8.59,8.89,8.9,8.89,1.75,1.0,1,8.63,8.94,8.95,8.94,0.01,5.0,2,8.6,8.93,8.94,8.92,2.27,2,2
8.44,8.5,8.5,8.5,0.01,2.0,1,8.59,8.89,8.9,8.89,1.75,1.0,1,8.56,8.87,8.87,8.87,0.1,3,2
8.39,8.48,8.48,8.48,0.01,3.0,1,8.44,8.5,8.5,8.5,0.01,2.0,1,8.67,8.93,8.98,8.93,0.12,4,2
8.46,8.72,8.78,8.72,0.81,4.0,1,8.39,8.48,8.48,8.48,0.01,3.0,1,8.63,8.94,8.95,8.94,0.01,5,2
8.4,8.79,8.79,8.76,0.24,5.0,1,8.46,8.72,8.78,8.72,0.81,4.0,1,8.59,8.89,8.9,8.89,1.75,1,1
8.31,8.66,8.69,8.65,0.2,1.0,1,8.4,8.79,8.79,8.76,0.24,5.0,1,8.44,8.5,8.5,8.5,0.01,2,1
8.44,8.64,8.73,8.59,0.2,2.0,1,8.31,8.66,8.69,8.65,0.2,1.0,1,8.39,8.48,8.48,8.48,0.01,3,1
8.44,8.75,8.77,8.68,0.24,3.0,1,8.44,8.64,8.73,8.59,0.2,2.0,1,8.46,8.72,8.78,8.72,0.81,4,1
8.37,8.67,8.7,8.66,0.11,4.0,1,8.44,8.75,8.77,8.68,0.24,3.0,1,8.4,8.79,8.79,8.76,0.24,5,1
8.39,8.68,8.68,8.66,0.21,5.0,1,8.37,8.67,8.7,8.66,0.11,4.0,1,8.31,8.66,8.69,8.65,0.2,1,1
8.53,8.38,8.4,8.38,0.02,1.0,1,8.39,8.68,8.68,8.66,0.21,5.0,1,8.44,8.64,8.73,8.59,0.2,2,1
8.61,8.79,8.79,8.77,0.09,2.0,1,8.53,8.38,8.4,8.38,0.02,1.0,1,8.44,8.75,8.77,8.68,0.24,3,1
8.58,8.55,8.55,8.55,0.01,3.0,1,8.61,8.79,8.79,8.77,0.09,2.0,1,8.37,8.67,8.7,8.66,0.11,4,1
8.63,8.89,8.89,8.89,0.35,4.0,1,8.58,8.55,8.55,8.55,0.01,3.0,1,8.39,8.68,8.68,8.66,0.21,5,1
8.51,8.9,8.9,8.83,0.39,5.0,1,8.63,8.89,8.89,8.89,0.35,4.0,1,8.53,8.38,8.4,8.38,0.02,1,1
8.56,8.83,8.83,8.78,0.29,1.0,1,8.51,8.9,8.9,8.83,0.39,5.0,1,8.61,8.79,8.79,8.77,0.09,2,1
8.65,8.62,8.62,8.62,0.001,2.0,1,8.56,8.83,8.83,8.78,0.29,1.0,1,8.58,8.55,8.55,8.55,0.01,3,1
8.62,8.95,8.95,8.9,0.2,3.0,1,8.65,8.62,8.62,8.62,0.001,2.0,1,8.63,8.89,8.89,8.89,0.35,4,1
8.58,8.94,8.95,8.9,0.52,4.0,1,8.62,8.95,8.95,8.9,0.2,3.0,1,8.51,8.9,8.9,8.83,0.39,5,1
8.58,8.56,8.56,8.56,0.01,5.0,1,8.58,8.94,8.95,8.9,0.52,4.0,1,8.56,8.83,8.83,8.78,0.29,1,1
8.58,8.89,8.92,8.89,0.33,1.0,1,8.58,8.56,8.56,8.56,0.01,5.0,1,8.65,8.62,8.62,8.62,0.001,2,1
8.56,8.56,8.59,8.49,11.41,2.0,0,8.58,8.89,8.92,8.89,0.33,1.0,1,8.62,8.95,8.95,8.9,0.2,3,1
8.48,8.56,8.57,8.47,20.93,3.0,0,8.56,8.56,8.59,8.49,11.41,2.0,0,8.58,8.94,8.95,8.9,0.52,4,1
8.59,8.47,8.61,8.42,22.65,4.0,0,8.48,8.56,8.57,8.47,20.93,3.0,0,8.58,8.56,8.56,8.56,0.01,5,1
8.52,8.55,8.65,8.5,36.04,5.0,0,8.59,8.47,8.61,8.42,22.65,4.0,0,8.58,8.89,8.92,8.89,0.33,1,1
8.41,8.52,8.53,8.4,28.9,1.0,0,8.52,8.55,8.65,8.5,36.04,5.0,0,8.56,8.56,8.59,8.49,11.41,2,0
8.41,8.44,8.44,8.35,25.72,2.0,0,8.41,8.52,8.53,8.4,28.9,1.0,0,8.48,8.56,8.57,8.47,20.93,3,0
8.4,8.43,8.44,8.33,17.27,3.0,0,8.41,8.44,8.44,8.35,25.72,2.0,0,8.59,8.47,8.61,8.42,22.65,4,0
8.36,8.43,8.43,8.29,35.11,4.0,0,8.4,8.43,8.44,8.33,17.27,3.0,0,8.52,8.55,8.65,8.5,36.04,5,0
8.07,8.33,8.34,7.93,24.79,5.0,0,8.36,8.43,8.43,8.29,35.11,4.0,0,8.41,8.52,8.53,8.4,28.9,1,0
8.07,7.99,8.08,7.9,23.52,1.0,0,8.07,8.33,8.34,7.93,24.79,5.0,0,8.41,8.44,8.44,8.35,25.72,2,0
8.19,8.35,8.51,8.34,0.47,2.0,0,8.07,7.99,8.08,7.9,23.52,1.0,0,8.4,8.43,8.44,8.33,17.27,3,0
8.13,8.52,8.53,8.48,0.46,3.0,0,8.19,8.35,8.51,8.34,0.47,2.0,0,8.36,8.43,8.43,8.29,35.11,4,0
8.07,8.12,8.12,8.12,0.3,4.0,0,8.13,8.52,8.53,8.48,0.46,3.0,0,8.07,8.33,8.34,7.93,24.79,5,0
8.06,8.35,8.36,8.3,0.54,5.0,0,8.07,8.12,8.12,8.12,0.3,4.0,0,8.07,7.99,8.08,7.9,23.52,1,0
8.19,8.34,8.42,8.34,0.18,1.0,0,8.06,8.35,8.36,8.3,0.54,5.0,0,8.19,8.35,8.51,8.34,0.47,2,0
8.25,8.51,8.58,8.51,0.15,2.0,0,8.19,8.34,8.42,8.34,0.18,1.0,0,8.13,8.52,8.53,8.48,0.46,3,0
8.22,8.57,8.57,8.57,0.05,3.0,0,8.25,8.51,8.58,8.51,0.15,2.0,0,8.07,8.12,8.12,8.12,0.3,4,0
8.19,8.49,8.49,8.49,0.01,4.0,0,8.22,8.57,8.57,8.57,0.05,3.0,0,8.19,8.34,8.42,8.34,0.18,1,0
8.31,8.55,8.57,8.55,0.03,1.0,0,8.19,8.49,8.49,8.49,0.01,4.0,0,8.25,8.51,8.58,8.51,0.15,2,0
8.27,8.59,8.6,8.59,0.04,2.0,0,8.31,8.55,8.57,8.55,0.03,1.0,0,8.22,8.57,8.57,8.57,0.05,3,0
8.21,8.52,8.57,8.52,0.09,3.0,0,8.27,8.59,8.6,8.59,0.04,2.0,0,8.19,8.49,8.49,8.49,0.01,4,0
8.22,8.53,8.53,8.53,0.63,4.0,0,8.21,8.52,8.57,8.52,0.09,3.0,0,8.31,8.55,8.57,8.55,0.03,1,0
8.04,8.52,8.53,8.37,0.18,1.0,11,8.22,8.53,8.53,8.53,0.63,4.0,0,8.27,8.59,8.6,8.59,0.04,2,0
7.99,8.06,8.06,8.06,0.01,2.0,11,8.04,8.52,8.53,8.37,0.18,1.0,11,8.21,8.52,8.57,8.52,0.09,3,0
7.74,8.02,8.03,7.93,0.16,3.0,11,7.99,8.06,8.06,8.06,0.01,2.0,11,8.22,8.53,8.53,8.53,0.63,4,0
7.41,7.82,7.92,7.71,0.81,5.0,11,7.54,7.97,8.07,7.7,0.11,4.0,11,8.04,8.52,8.53,8.37,0.18,1,11
7.12,7.7,7.82,7.4,0.47,1.0,11,7.41,7.82,7.92,7.71,0.81,5.0,11,7.99,8.06,8.06,8.06,0.01,2,11
7.1,7.35,7.46,7.26,3.0,2.0,11,7.12,7.7,7.82,7.4,0.47,1.0,11,7.74,8.02,8.03,7.93,0.16,3,11
7.24,7.53,7.55,7.53,1.5,3.0,11,7.1,7.35,7.46,7.26,3.0,2.0,11,7.54,7.97,8.07,7.7,0.11,4,11
7.08,7.35,7.39,7.31,1.06,4.0,11,7.24,7.53,7.55,7.53,1.5,3.0,11,7.41,7.82,7.92,7.71,0.81,5,11
6.67,7.0,7.0,6.73,0.01,5.0,11,7.08,7.35,7.39,7.31,1.06,4.0,11,7.12,7.7,7.82,7.4,0.47,1,11
6.71,6.55,6.55,6.55,0.01,1.0,11,6.67,7.0,7.0,6.73,0.01,5.0,11,7.1,7.35,7.46,7.26,3.0,2,11
6.81,7.17,7.17,7.09,0.51,2.0,11,6.71,6.55,6.55,6.55,0.01,1.0,11,7.24,7.53,7.55,7.53,1.5,3,11
6.31,6.61,6.61,6.58,0.01,3.0,11,6.81,7.17,7.17,7.09,0.51,2.0,11,7.08,7.35,7.39,7.31,1.06,4,11
6.17,6.53,6.53,6.13,1.21,4.0,11,6.31,6.61,6.61,6.58,0.01,3.0,11,6.67,7.0,7.0,6.73,0.01,5,11
6.32,6.67,6.7,6.55,0.08,5.0,11,6.17,6.53,6.53,6.13,1.21,4.0,11,6.71,6.55,6.55,6.55,0.01,1,11
5.87,5.95,5.95,5.9,0.88,1.0,11,6.32,6.67,6.7,6.55,0.08,5.0,11,6.81,7.17,7.17,7.09,0.51,2,11
6.07,5.9,6.3,5.86,0.86,2.0,11,5.87,5.95,5.95,5.9,0.88,1.0,11,6.31,6.61,6.61,6.58,0.01,3,11
5.9,6.2,6.23,6.05,1.6,3.0,11,6.07,5.9,6.3,5.86,0.86,2.0,11,6.17,6.53,6.53,6.13,1.21,4,11
6.06,6.22,6.39,6.15,1.18,4.0,11,5.9,6.2,6.23,6.05,1.6,3.0,11,6.32,6.67,6.7,6.55,0.08,5,11
6.04,6.25,6.31,6.23,4.66,5.0,11,6.06,6.22,6.39,6.15,1.18,4.0,11,5.87,5.95,5.95,5.9,0.88,1,11
5.68,5.85,5.85,5.81,0.02,1.0,10,6.04,6.25,6.31,6.23,4.66,5.0,11,6.07,5.9,6.3,5.86,0.86,2,11
5.81,5.62,5.62,5.62,0.04,2.0,10,5.68,5.85,5.85,5.81,0.02,1.0,10,5.9,6.2,6.23,6.05,1.6,3,11
5.61,6.0,6.0,5.75,0.42,3.0,10,5.81,5.62,5.62,5.62,0.04,2.0,10,6.06,6.22,6.39,6.15,1.18,4,11
5.6,5.6,5.6,5.6,0.01,4.0,10,5.61,6.0,6.0,5.75,0.42,3.0,10,6.04,6.25,6.31,6.23,4.66,5,11
5.54,5.68,5.78,5.66,1.77,5.0,10,5.6,5.6,5.6,5.6,0.01,4.0,10,5.68,5.85,5.85,5.81,0.02,1,10
5.23,5.2,5.2,5.2,0.01,1.0,10,5.54,5.68,5.78,5.66,1.77,5.0,10,5.81,5.62,5.62,5.62,0.04,2,10
4.95,5.15,5.15,5.15,0.01,2.0,10,5.23,5.2,5.2,5.2,0.01,1.0,10,5.61,6.0,6.0,5.75,0.42,3,10
4.87,5.0,5.04,4.83,1.17,3.0,10,4.95,5.15,5.15,5.15,0.01,2.0,10,5.6,5.6,5.6,5.6,0.01,4,10
4.73,4.63,4.63,4.63,0.01,4.0,10,4.87,5.0,5.04,4.83,1.17,3.0,10,5.54,5.68,5.78,5.66,1.77,5,10
5.05,4.96,5.28,4.96,3.08,5.0,10,4.73,4.63,4.63,4.63,0.01,4.0,10,5.23,5.2,5.2,5.2,0.01,1,10
4.79,4.98,4.98,4.95,0.02,1.0,10,5.05,4.96,5.28,4.96,3.08,5.0,10,4.95,5.15,5.15,5.15,0.01,2,10
4.67,4.88,4.88,4.88,0.01,2.0,10,4.79,4.98,4.98,4.95,0.02,1.0,10,4.87,5.0,5.04,4.83,1.17,3,10
5.07,4.87,5.23,4.87,0.48,3.0,10,4.67,4.88,4.88,4.88,0.01,2.0,10,4.73,4.63,4.63,4.63,0.01,4,10
5.24,5.36,5.5,5.33,0.42,4.0,10,5.07,4.87,5.23,4.87,0.48,3.0,10,5.05,4.96,5.28,4.96,3.08,5,10
5.15,5.37,5.57,5.19,1.12,5.0,10,5.24,5.36,5.5,5.33,0.42,4.0,10,4.79,4.98,4.98,4.95,0.02,1,10
5.4,5.24,5.24,5.24,0.01,1.0,10,5.15,5.37,5.57,5.19,1.12,5.0,10,4.67,4.88,4.88,4.88,0.01,2,10
4.89,5.5,5.5,5.0,0.78,2.0,10,5.4,5.24,5.24,5.24,0.01,1.0,10,5.07,4.87,5.23,4.87,0.48,3,10
4.85,4.72,4.72,4.72,0.001,3.0,10,4.89,5.5,5.5,5.0,0.78,2.0,10,5.24,5.36,5.5,5.33,0.42,4,10
5.06,4.99,4.99,4.95,0.01,4.0,10,4.85,4.72,4.72,4.72,0.001,3.0,10,5.15,5.37,5.57,5.19,1.12,5,10
4.98,5.27,5.3,5.23,0.45,5.0,10,5.06,4.99,4.99,4.95,0.01,4.0,10,5.4,5.24,5.24,5.24,0.01,1,10
4.99,4.95,4.96,4.95,0.02,1.0,10,4.98,5.27,5.3,5.23,0.45,5.0,10,4.89,5.5,5.5,5.0,0.78,2,10
4.99,4.96,5.02,4.91,0.14,2.0,9,4.99,4.95,4.96,4.95,0.02,1.0,10,4.85,4.72,4.72,4.72,0.001,3,10
4.95,4.99,4.99,4.9,0.82,3.0,9,4.99,4.96,5.02,4.91,0.14,2.0,9,5.06,4.99,4.99,4.95,0.01,4,10
4.88,4.95,4.95,4.79,1.81,4.0,9,4.95,4.99,4.99,4.9,0.82,3.0,9,4.98,5.27,5.3,5.23,0.45,5,10
4.92,4.86,4.89,4.78,0.76,5.0,9,4.88,4.95,4.95,4.79,1.81,4.0,9,4.99,4.95,4.96,4.95,0.02,1,10
5.09,4.97,4.97,4.95,0.18,1.0,9,4.92,4.86,4.89,4.78,0.76,5.0,9,4.99,4.96,5.02,4.91,0.14,2,9
5.01,5.0,5.2,5.0,0.24,2.0,9,5.09,4.97,4.97,4.95,0.18,1.0,9,4.95,4.99,4.99,4.9,0.82,3,9
5.07,4.98,5.08,4.95,0.55,3.0,9,5.01,5.0,5.2,5.0,0.24,2.0,9,4.88,4.95,4.95,4.79,1.81,4,9
4.9,4.99,5.01,4.84,1.32,4.0,9,5.07,4.98,5.08,4.95,0.55,3.0,9,4.92,4.86,4.89,4.78,0.76,5,9
4.98,5.05,5.05,4.93,1.53,5.0,9,4.9,4.99,5.01,4.84,1.32,4.0,9,5.09,4.97,4.97,4.95,0.18,1,9
4.85,4.97,4.97,4.85,0.28,1.0,9,4.98,5.05,5.05,4.93,1.53,5.0,9,5.01,5.0,5.2,5.0,0.24,2,9
4.85,4.61,4.87,4.61,0.02,2.0,9,4.85,4.97,4.97,4.85,0.28,1.0,9,5.07,4.98,5.08,4.95,0.55,3,9
4.95,5.08,5.1,5.08,0.26,3.0,9,4.85,4.61,4.87,4.61,0.02,2.0,9,4.9,4.99,5.01,4.84,1.32,4,9
4.99,5.05,5.13,5.0,1.64,4.0,9,4.95,5.08,5.1,5.08,0.26,3.0,9,4.98,5.05,5.05,4.93,1.53,5,9
4.93,4.96,5.01,4.96,0.03,5.0,9,4.99,5.05,5.13,5.0,1.64,4.0,9,4.85,4.97,4.97,4.85,0.28,1,9
4.86,5.01,5.01,4.96,0.14,1.0,9,4.93,4.96,5.01,4.96,0.03,5.0,9,4.85,4.61,4.87,4.61,0.02,2,9
4.81,4.95,4.95,4.87,0.69,2.0,9,4.86,5.01,5.01,4.96,0.14,1.0,9,4.95,5.08,5.1,5.08,0.26,3,9
4.79,4.88,4.91,4.82,1.52,3.0,9,4.81,4.95,4.95,4.87,0.69,2.0,9,4.99,5.05,5.13,5.0,1.64,4,9
4.84,4.87,4.87,4.87,0.01,4.0,9,4.79,4.88,4.91,4.82,1.52,3.0,9,4.81,4.95,4.95,4.87,0.69,2,9
4.77,4.9,4.9,4.87,0.09,2.0,9,4.84,4.87,4.87,4.87,0.01,4.0,9,4.79,4.88,4.91,4.82,1.52,3,9
4.95,4.77,4.77,4.77,0.01,3.0,9,4.77,4.9,4.9,4.87,0.09,2.0,9,4.84,4.87,4.87,4.87,0.01,4,9
5.32,5.19,5.42,5.19,0.81,1.0,8,5.16,5.35,5.35,5.22,3.6,5.0,8,4.77,4.9,4.9,4.87,0.09,2,9
5.23,5.32,5.32,5.32,0.01,2.0,8,5.32,5.19,5.42,5.19,0.81,1.0,8,4.95,4.77,4.77,4.77,0.01,3,9
5.3,5.38,5.38,5.38,1.51,3.0,8,5.23,5.32,5.32,5.32,0.01,2.0,8,5.2,5.09,5.09,5.09,0.01,4,9
5.27,5.41,5.42,5.32,0.43,4.0,8,5.3,5.38,5.38,5.38,1.51,3.0,8,5.16,5.35,5.35,5.22,3.6,5,8
5.41,5.37,5.5,5.37,0.24,5.0,8,5.27,5.41,5.42,5.32,0.43,4.0,8,5.32,5.19,5.42,5.19,0.81,1,8
5.57,5.52,5.52,5.52,0.05,1.0,8,5.41,5.37,5.5,5.37,0.24,5.0,8,5.23,5.32,5.32,5.32,0.01,2,8
5.58,5.73,5.77,5.64,0.35,2.0,8,5.57,5.52,5.52,5.52,0.05,1.0,8,5.3,5.38,5.38,5.38,1.51,3,8
5.53,5.5,5.5,5.5,0.01,3.0,8,5.58,5.73,5.77,5.64,0.35,2.0,8,5.27,5.41,5.42,5.32,0.43,4,8
5.6,5.57,5.69,5.55,1.15,4.0,8,5.53,5.5,5.5,5.5,0.01,3.0,8,5.41,5.37,5.5,5.37,0.24,5,8
5.47,5.55,5.55,5.55,0.01,5.0,8,5.6,5.57,5.69,5.55,1.15,4.0,8,5.57,5.52,5.52,5.52,0.05,1,8
5.46,5.47,5.55,5.47,0.08,1.0,8,5.47,5.55,5.55,5.55,0.01,5.0,8,5.58,5.73,5.77,5.64,0.35,2,8
5.56,5.6,5.64,5.59,0.04,2.0,8,5.46,5.47,5.55,5.47,0.08,1.0,8,5.53,5.5,5.5,5.5,0.01,3,8
5.54,5.5,5.5,5.5,0.02,3.0,8,5.56,5.6,5.64,5.59,0.04,2.0,8,5.6,5.57,5.69,5.55,1.15,4,8
5.74,5.68,5.87,5.67,1.14,4.0,8,5.54,5.5,5.5,5.5,0.02,3.0,8,5.47,5.55,5.55,5.55,0.01,5,8
5.96,5.75,5.75,5.75,0.01,5.0,8,5.74,5.68,5.87,5.67,1.14,4.0,8,5.46,5.47,5.55,5.47,0.08,1,8
5.89,5.94,6.06,5.94,0.05,1.0,8,5.96,5.75,5.75,5.75,0.01,5.0,8,5.56,5.6,5.64,5.59,0.04,2,8
6.61,5.96,6.71,5.96,2.24,2.0,8,5.89,5.94,6.06,5.94,0.05,1.0,8,5.54,5.5,5.5,5.5,0.02,3,8
6.83,6.8,7.1,6.8,1.8,3.0,8,6.61,5.96,6.71,5.96,2.24,2.0,8,5.74,5.68,5.87,5.67,1.14,4,8
6.33,6.9,6.9,6.49,3.6,4.0,8,6.83,6.8,7.1,6.8,1.8,3.0,8,5.96,5.75,5.75,5.75,0.01,5,8
6.17,6.49,6.6,6.26,1.98,5.0,8,6.33,6.9,6.9,6.49,3.6,4.0,8,5.89,5.94,6.06,5.94,0.05,1,8
6.1,6.18,6.23,6.16,0.36,1.0,7,6.17,6.49,6.6,6.26,1.98,5.0,8,6.61,5.96,6.71,5.96,2.24,2,8
5.98,6.17,6.17,5.95,0.48,2.0,7,6.1,6.18,6.23,6.16,0.36,1.0,7,6.83,6.8,7.1,6.8,1.8,3,8
6.12,6.06,6.39,6.05,0.68,3.0,7,5.98,6.17,6.17,5.95,0.48,2.0,7,6.33,6.9,6.9,6.49,3.6,4,8
6.19,6.53,6.59,6.35,0.23,4.0,7,6.12,6.06,6.39,6.05,0.68,3.0,7,6.17,6.49,6.6,6.26,1.98,5,8
5.85,6.26,6.26,5.97,0.99,5.0,7,6.19,6.53,6.59,6.35,0.23,4.0,7,6.1,6.18,6.23,6.16,0.36,1,7
5.69,6.05,6.14,5.86,0.98,1.0,7,5.85,6.26,6.26,5.97,0.99,5.0,7,5.98,6.17,6.17,5.95,0.48,2,7
5.89,5.79,6.0,5.79,1.12,2.0,7,5.69,6.05,6.14,5.86,0.98,1.0,7,6.12,6.06,6.39,6.05,0.68,3,7
6.01,5.83,5.83,5.83,0.01,3.0,7,5.89,5.79,6.0,5.79,1.12,2.0,7,6.19,6.53,6.59,6.35,0.23,4,7
5.8,6.15,6.21,6.13,0.75,4.0,7,6.01,5.83,5.83,5.83,0.01,3.0,7,5.85,6.26,6.26,5.97,0.99,5,7
5.84,5.85,5.85,5.85,0.15,5.0,7,5.8,6.15,6.21,6.13,0.75,4.0,7,5.69,6.05,6.14,5.86,0.98,1,7
6.1,6.07,6.19,6.05,0.11,1.0,7,5.84,5.85,5.85,5.85,0.15,5.0,7,5.89,5.79,6.0,5.79,1.12,2,7
6.04,6.16,6.23,6.04,1.27,2.0,7,6.1,6.07,6.19,6.05,0.11,1.0,7,6.01,5.83,5.83,5.83,0.01,3,7
6.05,6.1,6.17,6.1,1.41,3.0,7,6.04,6.16,6.23,6.04,1.27,2.0,7,5.8,6.15,6.21,6.13,0.75,4,7
5.98,5.9,5.9,5.89,0.5,4.0,7,6.05,6.1,6.17,6.1,1.41,3.0,7,5.84,5.85,5.85,5.85,0.15,5,7
5.95,5.92,5.97,5.92,0.03,5.0,7,5.98,5.9,5.9,5.89,0.5,4.0,7,6.1,6.07,6.19,6.05,0.11,1,7
5.72,5.9,5.9,5.86,0.01,1.0,7,5.95,5.92,5.97,5.92,0.03,5.0,7,6.04,6.16,6.23,6.04,1.27,2,7
5.78,5.81,5.81,5.81,0.001,2.0,7,5.72,5.9,5.9,5.86,0.01,1.0,7,6.05,6.1,6.17,6.1,1.41,3,7
5.85,6.0,6.01,5.9,0.05,3.0,7,5.78,5.81,5.81,5.81,0.001,2.0,7,5.98,5.9,5.9,5.89,0.5,4,7
6.01,6.12,6.22,6.12,0.06,4.0,7,5.85,6.0,6.01,5.9,0.05,3.0,7,5.95,5.92,5.97,5.92,0.03,5,7
6.02,6.09,6.1,6.03,2.92,5.0,7,6.01,6.12,6.22,6.12,0.06,4.0,7,5.72,5.9,5.9,5.86,0.01,1,7
6.1,6.18,6.22,6.18,0.06,1.0,7,6.02,6.09,6.1,6.03,2.92,5.0,7,5.78,5.81,5.81,5.81,0.001,2,7
6.08,6.2,6.27,6.14,1.75,2.0,7,6.1,6.18,6.22,6.18,0.06,1.0,7,5.85,6.0,6.01,5.9,0.05,3,7
5.95,5.98,5.98,5.98,0.06,3.0,6,6.08,6.2,6.27,6.14,1.75,2.0,7,6.01,6.12,6.22,6.12,0.06,4,7
6.01,6.12,6.12,6.12,1.3,4.0,6,5.95,5.98,5.98,5.98,0.06,3.0,6,6.02,6.09,6.1,6.03,2.92,5,7
5.93,6.08,6.1,6.03,0.06,5.0,6,6.01,6.12,6.12,6.12,1.3,4.0,6,6.1,6.18,6.22,6.18,0.06,1,7
6.19,6.16,6.33,6.14,1.12,1.0,6,5.93,6.08,6.1,6.03,0.06,5.0,6,6.08,6.2,6.27,6.14,1.75,2,7
6.1,6.36,6.36,6.36,0.07,2.0,6,6.19,6.16,6.33,6.14,1.12,1.0,6,5.95,5.98,5.98,5.98,0.06,3,6
6.09,6.19,6.28,6.15,0.64,3.0,6,6.1,6.36,6.36,6.36,0.07,2.0,6,6.01,6.12,6.12,6.12,1.3,4,6
6.1,6.06,6.06,6.06,0.07,4.0,6,6.09,6.19,6.28,6.15,0.64,3.0,6,5.93,6.08,6.1,6.03,0.06,5,6
5.94,5.97,5.97,5.95,0.12,5.0,6,6.1,6.06,6.06,6.06,0.07,4.0,6,6.19,6.16,6.33,6.14,1.12,1,6
5.84,5.89,5.89,5.85,0.14,1.0,6,5.94,5.97,5.97,5.95,0.12,5.0,6,6.1,6.36,6.36,6.36,0.07,2,6
5.84,5.91,5.97,5.85,1.09,2.0,6,5.84,5.89,5.89,5.85,0.14,1.0,6,6.09,6.19,6.28,6.15,0.64,3,6
5.89,6.0,6.01,5.95,0.18,3.0,6,5.84,5.91,5.97,5.85,1.09,2.0,6,6.1,6.06,6.06,6.06,0.07,4,6
5.7,5.93,5.94,5.8,0.18,4.0,6,5.89,6.0,6.01,5.95,0.18,3.0,6,5.94,5.97,5.97,5.95,0.12,5,6
5.66,5.74,5.74,5.67,0.07,5.0,6,5.7,5.93,5.94,5.8,0.18,4.0,6,5.84,5.89,5.89,5.85,0.14,1,6
5.84,5.9,5.97,5.88,0.1,1.0,6,5.66,5.74,5.74,5.67,0.07,5.0,6,5.84,5.91,5.97,5.85,1.09,2,6
5.54,5.56,5.56,5.56,0.11,2.0,6,5.84,5.9,5.97,5.88,0.1,1.0,6,5.89,6.0,6.01,5.95,0.18,3,6
5.67,5.57,5.57,5.57,2.0,3.0,6,5.54,5.56,5.56,5.56,0.11,2.0,6,5.7,5.93,5.94,5.8,0.18,4,6
5.63,5.77,5.78,5.69,0.1,4.0,6,5.67,5.57,5.57,5.57,2.0,3.0,6,5.66,5.74,5.74,5.67,0.07,5,6
4.95,4.89,4.89,4.89,0.01,5.0,6,5.63,5.77,5.78,5.69,0.1,4.0,6,5.84,5.9,5.97,5.88,0.1,1,6
4.76,5.06,5.06,5.0,0.06,1.0,6,4.95,4.89,4.89,4.89,0.01,5.0,6,5.54,5.56,5.56,5.56,0.11,2,6
4.68,4.99,5.0,4.8,0.7,2.0,6,4.76,5.06,5.06,5.0,0.06,1.0,6,5.67,5.57,5.57,5.57,2.0,3,6
4.51,4.67,4.67,4.47,0.58,3.0,6,4.68,4.99,5.0,4.8,0.7,2.0,6,5.63,5.77,5.78,5.69,0.1,4,6
4.46,4.64,4.66,4.55,0.95,4.0,6,4.51,4.67,4.67,4.47,0.58,3.0,6,4.95,4.89,4.89,4.89,0.01,5,6
4.61,4.46,4.46,4.46,0.001,5.0,5,4.46,4.64,4.66,4.55,0.95,4.0,6,4.76,5.06,5.06,5.0,0.06,1,6
4.96,4.87,5.11,4.8,0.88,1.0,5,4.61,4.46,4.46,4.46,0.001,5.0,5,4.68,4.99,5.0,4.8,0.7,2,6
4.7,4.96,4.99,4.78,0.7,2.0,5,4.96,4.87,5.11,4.8,0.88,1.0,5,4.51,4.67,4.67,4.47,0.58,3,6
4.58,4.51,4.51,4.51,0.02,3.0,5,4.7,4.96,4.99,4.78,0.7,2.0,5,4.46,4.64,4.66,4.55,0.95,4,6
4.57,4.72,4.72,4.63,0.01,4.0,5,4.58,4.51,4.51,4.51,0.02,3.0,5,4.61,4.46,4.46,4.46,0.001,5,5
4.53,4.57,4.64,4.56,0.37,5.0,5,4.57,4.72,4.72,4.63,0.01,4.0,5,4.96,4.87,5.11,4.8,0.88,1,5
4.42,4.53,4.53,4.48,0.02,1.0,5,4.53,4.57,4.64,4.56,0.37,5.0,5,4.7,4.96,4.99,4.78,0.7,2,5
4.62,4.43,4.58,4.43,0.06,2.0,5,4.42,4.53,4.53,4.48,0.02,1.0,5,4.58,4.51,4.51,4.51,0.02,3,5
4.78,4.65,4.94,4.65,0.62,3.0,5,4.62,4.43,4.58,4.43,0.06,2.0,5,4.57,4.72,4.72,4.63,0.01,4,5
4.77,4.85,4.85,4.85,0.01,4.0,5,4.78,4.65,4.94,4.65,0.62,3.0,5,4.53,4.57,4.64,4.56,0.37,5,5
4.92,4.7,4.7,4.7,0.001,5.0,5,4.77,4.85,4.85,4.85,0.01,4.0,5,4.42,4.53,4.53,4.48,0.02,1,5
4.84,5.12,5.12,4.92,1.11,1.0,5,4.92,4.7,4.7,4.7,0.001,5.0,5,4.62,4.43,4.58,4.43,0.06,2,5
4.66,4.9,4.9,4.75,0.79,2.0,5,4.84,5.12,5.12,4.92,1.11,1.0,5,4.78,4.65,4.94,4.65,0.62,3,5
4.68,4.79,4.79,4.67,3.79,3.0,5,4.66,4.9,4.9,4.75,0.79,2.0,5,4.77,4.85,4.85,4.85,0.01,4,5
4.64,4.72,4.72,4.72,0.01,4.0,5,4.68,4.79,4.79,4.67,3.79,3.0,5,4.92,4.7,4.7,4.7,0.001,5,5
4.55,4.7,4.76,4.63,0.77,5.0,5,4.64,4.72,4.72,4.72,0.01,4.0,5,4.84,5.12,5.12,4.92,1.11,1,5
4.58,4.66,4.67,4.6,0.8,1.0,5,4.55,4.7,4.76,4.63,0.77,5.0,5,4.66,4.9,4.9,4.75,0.79,2,5
4.5,4.7,4.7,4.59,2.74,2.0,5,4.58,4.66,4.67,4.6,0.8,1.0,5,4.68,4.79,4.79,4.67,3.79,3,5
4.52,4.59,4.63,4.57,1.44,3.0,5,4.5,4.7,4.7,4.59,2.74,2.0,5,4.64,4.72,4.72,4.72,0.01,4,5
4.47,4.64,4.73,4.57,0.51,4.0,5,4.52,4.59,4.63,4.57,1.44,3.0,5,4.55,4.7,4.76,4.63,0.77,5,5
4.41,4.4,4.4,4.4,0.001,5.0,5,4.47,4.64,4.73,4.57,0.51,4.0,5,4.58,4.66,4.67,4.6,0.8,1,5
4.37,4.51,4.51,4.46,0.13,1.0,4,4.41,4.4,4.4,4.4,0.001,5.0,5,4.5,4.7,4.7,4.59,2.74,2,5
4.4,4.43,4.51,4.41,0.29,2.0,4,4.37,4.51,4.51,4.46,0.13,1.0,4,4.52,4.59,4.63,4.57,1.44,3,5
4.62,4.56,4.59,4.56,0.01,3.0,4,4.4,4.43,4.51,4.41,0.29,2.0,4,4.47,4.64,4.73,4.57,0.51,4,5
4.68,4.67,4.78,4.63,1.19,4.0,4,4.62,4.56,4.59,4.56,0.01,3.0,4,4.41,4.4,4.4,4.4,0.001,5,5
4.72,4.77,4.9,4.75,0.5,5.0,4,4.68,4.67,4.78,4.63,1.19,4.0,4,4.37,4.51,4.51,4.46,0.13,1,4
4.94,4.84,5.02,4.84,0.35,1.0,4,4.72,4.77,4.9,4.75,0.5,5.0,4,4.4,4.43,4.51,4.41,0.29,2,4
4.87,5.0,5.0,4.89,0.66,2.0,4,4.94,4.84,5.02,4.84,0.35,1.0,4,4.62,4.56,4.59,4.56,0.01,3,4
4.76,4.93,4.94,4.88,0.22,3.0,4,4.87,5.0,5.0,4.89,0.66,2.0,4,4.68,4.67,4.78,4.63,1.19,4,4
4.87,4.82,4.87,4.81,0.03,4.0,4,4.76,4.93,4.94,4.88,0.22,3.0,4,4.72,4.77,4.9,4.75,0.5,5,4
4.89,4.98,4.98,4.94,0.03,5.0,4,4.87,4.82,4.87,4.81,0.03,4.0,4,4.94,4.84,5.02,4.84,0.35,1,4
4.8,4.99,4.99,4.86,0.75,1.0,4,4.89,4.98,4.98,4.94,0.03,5.0,4,4.87,5.0,5.0,4.89,0.66,2,4
4.69,4.87,4.92,4.8,0.21,2.0,4,4.8,4.99,4.99,4.86,0.75,1.0,4,4.76,4.93,4.94,4.88,0.22,3,4
4.48,4.77,4.77,4.58,0.64,3.0,4,4.69,4.87,4.92,4.8,0.21,2.0,4,4.87,4.82,4.87,4.81,0.03,4,4
4.68,4.49,4.49,4.49,0.01,4.0,4,4.48,4.77,4.77,4.58,0.64,3.0,4,4.89,4.98,4.98,4.94,0.03,5,4
4.76,4.74,4.9,4.74,0.39,5.0,4,4.68,4.49,4.49,4.49,0.01,4.0,4,4.8,4.99,4.99,4.86,0.75,1,4
4.89,4.87,4.87,4.87,0.01,1.0,4,4.76,4.74,4.9,4.74,0.39,5.0,4,4.69,4.87,4.92,4.8,0.21,2,4
4.7,4.99,5.0,4.91,0.5,2.0,4,4.89,4.87,4.87,4.87,0.01,1.0,4,4.48,4.77,4.77,4.58,0.64,3,4
4.6,4.77,4.8,4.64,2.76,3.0,4,4.7,4.99,5.0,4.91,0.5,2.0,4,4.68,4.49,4.49,4.49,0.01,4,4
4.7,4.72,4.8,4.72,0.06,4.0,4,4.6,4.77,4.8,4.64,2.76,3.0,4,4.76,4.74,4.9,4.74,0.39,5,4
4.69,4.78,4.81,4.77,0.2,5.0,4,4.7,4.72,4.8,4.72,0.06,4.0,4,4.89,4.87,4.87,4.87,0.01,1,4
4.69,4.77,4.77,4.77,0.001,1.0,4,4.69,4.78,4.81,4.77,0.2,5.0,4,4.7,4.99,5.0,4.91,0.5,2,4
4.54,4.8,4.84,4.7,1.2,2.0,4,4.69,4.77,4.77,4.77,0.001,1.0,4,4.6,4.77,4.8,4.64,2.76,3,4
4.46,4.68,4.7,4.5,1.08,3.0,4,4.54,4.8,4.84,4.7,1.2,2.0,4,4.7,4.72,4.8,4.72,0.06,4,4
4.37,4.54,4.55,4.46,0.68,4.0,3,4.46,4.68,4.7,4.5,1.08,3.0,4,4.69,4.78,4.81,4.77,0.2,5,4
4.08,4.35,4.35,4.33,0.01,5.0,3,4.37,4.54,4.55,4.46,0.68,4.0,3,4.69,4.77,4.77,4.77,0.001,1,4
3.93,4.2,4.21,3.96,2.43,1.0,3,4.08,4.35,4.35,4.33,0.01,5.0,3,4.54,4.8,4.84,4.7,1.2,2,4
4.13,4.03,4.2,3.99,1.52,2.0,3,3.93,4.2,4.21,3.96,2.43,1.0,3,4.46,4.68,4.7,4.5,1.08,3,4
4.01,4.11,4.18,4.03,0.76,3.0,3,4.13,4.03,4.2,3.99,1.52,2.0,3,4.37,4.54,4.55,4.46,0.68,4,3
4.08,4.05,4.11,4.04,0.58,4.0,3,4.01,4.11,4.18,4.03,0.76,3.0,3,4.08,4.35,4.35,4.33,0.01,5,3
4.08,4.15,4.2,4.12,0.39,5.0,3,4.08,4.05,4.11,4.04,0.58,4.0,3,3.93,4.2,4.21,3.96,2.43,1,3
4.03,4.12,4.15,4.01,0.51,1.0,3,4.08,4.15,4.2,4.12,0.39,5.0,3,4.13,4.03,4.2,3.99,1.52,2,3
4.02,4.1,4.12,4.05,1.18,2.0,3,4.03,4.12,4.15,4.01,0.51,1.0,3,4.01,4.11,4.18,4.03,0.76,3,3
3.98,4.13,4.13,4.02,0.49,3.0,3,4.02,4.1,4.12,4.05,1.18,2.0,3,4.08,4.05,4.11,4.04,0.58,4,3
4.14,3.97,3.97,3.97,0.001,4.0,3,3.98,4.13,4.13,4.02,0.49,3.0,3,4.08,4.15,4.2,4.12,0.39,5,3
4.36,4.25,4.47,4.25,0.42,5.0,3,4.14,3.97,3.97,3.97,0.001,4.0,3,4.03,4.12,4.15,4.01,0.51,1,3
4.4,4.43,4.43,4.42,0.001,1.0,3,4.36,4.25,4.47,4.25,0.42,5.0,3,4.02,4.1,4.12,4.05,1.18,2,3
4.16,4.41,4.42,4.24,0.43,2.0,3,4.4,4.43,4.43,4.42,0.001,1.0,3,3.98,4.13,4.13,4.02,0.49,3,3
4.21,4.1,4.1,4.1,0.02,3.0,3,4.16,4.41,4.42,4.24,0.43,2.0,3,4.14,3.97,3.97,3.97,0.001,4,3
4.42,4.36,4.52,4.31,1.57,4.0,3,4.21,4.1,4.1,4.1,0.02,3.0,3,4.36,4.25,4.47,4.25,0.42,5,3
4.54,4.65,4.65,4.65,0.01,5.0,3,4.42,4.36,4.52,4.31,1.57,4.0,3,4.4,4.43,4.43,4.42,0.001,1,3
4.62,4.64,4.7,4.64,0.1,1.0,3,4.54,4.65,4.65,4.65,0.01,5.0,3,4.16,4.41,4.42,4.24,0.43,2,3
4.43,4.66,4.69,4.49,1.25,2.0,3,4.62,4.64,4.7,4.64,0.1,1.0,3,4.21,4.1,4.1,4.1,0.02,3,3
4.95,5.0,5.0,5.0,0.001,3.0,3,4.43,4.66,4.69,4.49,1.25,2.0,3,4.42,4.36,4.52,4.31,1.57,4,3
5.02,5.19,5.19,5.19,0.001,4.0,3,4.95,5.0,5.0,5.0,0.001,3.0,3,4.54,4.65,4.65,4.65,0.01,5,3
4.96,4.92,4.92,4.92,0.001,5.0,3,5.02,5.19,5.19,5.19,0.001,4.0,3,4.62,4.64,4.7,4.64,0.1,1,3
5.31,5.23,5.39,5.23,0.54,1.0,2,4.96,4.92,4.92,4.92,0.001,5.0,3,4.43,4.66,4.69,4.49,1.25,2,3
5.21,5.22,5.22,5.22,0.001,2.0,2,5.31,5.23,5.39,5.23,0.54,1.0,2,4.95,5.0,5.0,5.0,0.001,3,3
5.48,5.43,5.43,5.43,0.001,3.0,2,5.21,5.22,5.22,5.22,0.001,2.0,2,5.02,5.19,5.19,5.19,0.001,4,3
5.86,5.6,6.11,5.6,2.38,4.0,2,5.48,5.43,5.43,5.43,0.001,3.0,2,4.96,4.92,4.92,4.92,0.001,5,3
5.69,5.67,5.67,5.67,0.01,5.0,2,5.86,5.6,6.11,5.6,2.38,4.0,2,5.31,5.23,5.39,5.23,0.54,1,2
5.66,5.7,5.77,5.56,0.31,1.0,2,5.69,5.67,5.67,5.67,0.01,5.0,2,5.21,5.22,5.22,5.22,0.001,2,2
5.43,5.55,5.55,5.55,0.001,2.0,2,5.66,5.7,5.77,5.56,0.31,1.0,2,5.48,5.43,5.43,5.43,0.001,3,2
5.52,5.49,5.58,5.49,0.37,3.0,2,5.43,5.55,5.55,5.55,0.001,2.0,2,5.86,5.6,6.11,5.6,2.38,4,2
5.65,5.64,5.64,5.64,0.001,4.0,2,5.52,5.49,5.58,5.49,0.37,3.0,2,5.69,5.67,5.67,5.67,0.01,5,2
5.81,5.73,5.89,5.73,1.29,5.0,2,5.65,5.64,5.64,5.64,0.001,4.0,2,5.66,5.7,5.77,5.56,0.31,1,2
5.87,5.9,5.9,5.9,0.001,1.0,2,5.81,5.73,5.89,5.73,1.29,5.0,2,5.43,5.55,5.55,5.55,0.001,2,2
5.95,6.04,6.08,5.87,0.51,2.0,2,5.87,5.9,5.9,5.9,0.001,1.0,2,5.52,5.49,5.58,5.49,0.37,3,2
5.67,6.01,6.01,5.71,1.09,3.0,2,5.95,6.04,6.08,5.87,0.51,2.0,2,5.65,5.64,5.64,5.64,0.001,4,2
5.58,5.72,5.82,5.57,1.3,4.0,2,5.67,6.01,6.01,5.71,1.09,3.0,2,5.81,5.73,5.89,5.73,1.29,5,2
5.89,5.57,6.01,5.54,0.4,5.0,2,5.58,5.72,5.82,5.57,1.3,4.0,2,5.87,5.9,5.9,5.9,0.001,1,2
5.81,6.02,6.03,5.84,1.32,1.0,2,5.89,5.57,6.01,5.54,0.4,5.0,2,5.95,6.04,6.08,5.87,0.51,2,2
5.81,5.92,6.0,5.67,1.86,2.0,2,5.81,6.02,6.03,5.84,1.32,1.0,2,5.67,6.01,6.01,5.71,1.09,3,2
5.94,5.89,6.09,5.89,1.39,3.0,2,5.81,5.92,6.0,5.67,1.86,2.0,2,5.58,5.72,5.82,5.57,1.3,4,2
5.81,5.96,6.01,5.81,0.93,4.0,2,5.94,5.89,6.09,5.89,1.39,3.0,2,5.89,5.57,6.01,5.54,0.4,5,2
5.88,5.76,5.76,5.75,0.01,5.0,2,5.81,5.96,6.01,5.81,0.93,4.0,2,5.81,6.02,6.03,5.84,1.32,1,2
5.9,5.93,5.93,5.93,0.001,1.0,2,5.88,5.76,5.76,5.75,0.01,5.0,2,5.81,5.92,6.0,5.67,1.86,2,2
6.03,5.97,5.97,5.97,0.02,2.0,1,5.9,5.93,5.93,5.93,0.001,1.0,2,5.94,5.89,6.09,5.89,1.39,3,2
6.24,6.04,6.14,5.89,1.03,3.0,1,6.03,5.97,5.97,5.97,0.02,2.0,1,5.81,5.96,6.01,5.81,0.93,4,2
6.5,6.26,6.61,6.22,1.11,4.0,1,6.24,6.04,6.14,5.89,1.03,3.0,1,5.88,5.76,5.76,5.75,0.01,5,2
6.41,6.53,6.61,6.44,0.48,5.0,1,6.5,6.26,6.61,6.22,1.11,4.0,1,5.9,5.93,5.93,5.93,0.001,1,2
6.23,6.52,6.52,6.52,0.01,1.0,1,6.41,6.53,6.61,6.44,0.48,5.0,1,6.03,5.97,5.97,5.97,0.02,2,1
6.15,6.31,6.31,6.05,1.21,2.0,1,6.23,6.52,6.52,6.52,0.01,1.0,1,6.24,6.04,6.14,5.89,1.03,3,1
6.13,6.0,6.19,5.88,0.83,3.0,1,6.15,6.31,6.31,6.05,1.21,2.0,1,6.5,6.26,6.61,6.22,1.11,4,1
5.92,6.18,6.19,5.97,2.24,4.0,1,6.13,6.0,6.19,5.88,0.83,3.0,1,6.41,6.53,6.61,6.44,0.48,5,1
5.67,5.7,5.7,5.7,0.001,5.0,1,5.92,6.18,6.19,5.97,2.24,4.0,1,6.23,6.52,6.52,6.52,0.01,1,1
5.41,5.55,5.55,5.55,0.001,1.0,1,5.67,5.7,5.7,5.7,0.001,5.0,1,6.15,6.31,6.31,6.05,1.21,2,1
5.74,5.52,5.78,5.46,0.85,2.0,1,5.41,5.55,5.55,5.55,0.001,1.0,1,6.13,6.0,6.19,5.88,0.83,3,1
5.55,5.84,5.84,5.56,1.29,3.0,1,5.74,5.52,5.78,5.46,0.85,2.0,1,5.92,6.18,6.19,5.97,2.24,4,1
5.9,5.74,5.8,5.74,0.001,4.0,1,5.55,5.84,5.84,5.56,1.29,3.0,1,5.67,5.7,5.7,5.7,0.001,5,1
5.58,5.86,5.86,5.64,1.14,5.0,1,5.9,5.74,5.8,5.74,0.001,4.0,1,5.41,5.55,5.55,5.55,0.001,1,1
5.48,5.47,5.47,5.47,0.001,1.0,1,5.58,5.86,5.86,5.64,1.14,5.0,1,5.74,5.52,5.78,5.46,0.85,2,1
5.51,5.58,5.58,5.49,1.72,2.0,1,5.48,5.47,5.47,5.47,0.001,1.0,1,5.55,5.84,5.84,5.56,1.29,3,1
5.39,5.59,5.68,5.4,1.02,3.0,1,5.51,5.58,5.58,5.49,1.72,2.0,1,5.9,5.74,5.8,5.74,0.001,4,1
5.34,5.35,5.35,5.35,0.001,4.0,1,5.39,5.59,5.68,5.4,1.02,3.0,1,5.58,5.86,5.86,5.64,1.14,5,1
5.0,5.32,5.32,5.01,1.45,5.0,1,5.34,5.35,5.35,5.35,0.001,4.0,1,5.48,5.47,5.47,5.47,0.001,1,1
4.74,4.99,4.99,4.99,0.001,1.0,1,5.0,5.32,5.32,5.01,1.45,5.0,1,5.51,5.58,5.58,5.49,1.72,2,1
4.56,4.71,4.79,4.41,21.13,2.0,1,4.74,4.99,4.99,4.99,0.001,1.0,1,5.39,5.59,5.68,5.4,1.02,3,1
4.58,4.49,4.81,4.35,16.82,3.0,1,4.56,4.71,4.79,4.41,21.13,2.0,1,5.34,5.35,5.35,5.35,0.001,4,1
4.46,4.62,4.65,4.4,15.0,4.0,0,4.58,4.49,4.81,4.35,16.82,3.0,1,5.0,5.32,5.32,5.01,1.45,5,1
4.3,4.44,4.5,4.25,23.23,5.0,0,4.46,4.62,4.65,4.4,15.0,4.0,0,4.74,4.99,4.99,4.99,0.001,1,1
4.37,4.27,4.45,3.97,23.63,1.0,0,4.3,4.44,4.5,4.25,23.23,5.0,0,4.56,4.71,4.79,4.41,21.13,2,1
4.5,4.29,4.54,4.03,20.98,2.0,0,4.37,4.27,4.45,3.97,23.63,1.0,0,4.58,4.49,4.81,4.35,16.82,3,1
4.3,4.49,4.62,4.27,19.14,3.0,0,4.5,4.29,4.54,4.03,20.98,2.0,0,4.46,4.62,4.65,4.4,15.0,4,0
4.61,4.27,4.65,4.24,16.37,4.0,0,4.3,4.49,4.62,4.27,19.14,3.0,0,4.3,4.44,4.5,4.25,23.23,5,0
4.46,4.61,4.78,4.44,16.74,5.0,0,4.61,4.27,4.65,4.24,16.37,4.0,0,4.37,4.27,4.45,3.97,23.63,1,0
4.87,4.51,4.89,4.49,20.87,1.0,0,4.46,4.61,4.78,4.44,16.74,5.0,0,4.5,4.29,4.54,4.03,20.98,2,0
4.79,4.84,4.92,4.7,23.63,2.0,0,4.87,4.51,4.89,4.49,20.87,1.0,0,4.3,4.49,4.62,4.27,19.14,3,0
5.01,5.03,5.19,4.88,25.67,3.0,0,4.79,4.84,4.92,4.7,23.63,2.0,0,4.61,4.27,4.65,4.24,16.37,4,0
4.84,5.01,5.14,4.79,20.36,4.0,0,5.01,5.03,5.19,4.88,25.67,3.0,0,4.46,4.61,4.78,4.44,16.74,5,0
4.93,4.93,5.0,4.57,22.51,5.0,0,4.84,5.01,5.14,4.79,20.36,4.0,0,4.87,4.51,4.89,4.49,20.87,1,0
5.09,4.96,5.22,4.93,16.0,1.0,0,4.93,4.93,5.0,4.57,22.51,5.0,0,4.79,4.84,4.92,4.7,23.63,2,0
5.23,5.22,5.22,5.22,0.02,2.0,0,5.09,4.96,5.22,4.93,16.0,1.0,0,5.01,5.03,5.19,4.88,25.67,3,0
5.8,5.29,5.82,5.29,0.77,3.0,0,5.23,5.22,5.22,5.22,0.02,2.0,0,4.84,5.01,5.14,4.79,20.36,4,0
6.07,5.87,5.89,5.87,0.001,4.0,0,5.8,5.29,5.82,5.29,0.77,3.0,0,4.93,4.93,5.0,4.57,22.51,5,0
6.22,6.12,6.35,6.12,1.89,5.0,0,6.07,5.87,5.89,5.87,0.001,4.0,0,5.23,5.22,5.22,5.22,0.02,2,0
6.32,6.5,6.58,6.16,0.3,2.0,0,6.22,6.12,6.35,6.12,1.89,5.0,0,5.8,5.29,5.82,5.29,0.77,3,0
6.32,6.41,6.41,6.31,0.05,3.0,0,6.32,6.5,6.58,6.16,0.3,2.0,0,6.07,5.87,5.89,5.87,0.001,4,0
6.34,6.36,6.42,6.34,0.2,4.0,0,6.32,6.41,6.41,6.31,0.05,3.0,0,6.22,6.12,6.35,6.12,1.89,5,0
